content_id,floor_code,released_at,first_seen_at,last_seen_at
"12bur00652","amateur","2026-08-05 00:00:00+00","2026-07-19 15:43:45.473124+00","2026-07-19 15:43:44.807+00"
"12lol00248","amateur","2026-08-05 00:00:00+00","2026-07-19 15:43:45.473124+00","2026-07-19 15:43:44.807+00"
"12scr00349","amateur","2026-08-05 00:00:00+00","2026-07-19 15:43:45.473124+00","2026-07-19 15:43:44.807+00"
"1aiav00051","amateur","2026-08-07 00:00:00+00","2026-07-19 15:43:45.473124+00","2026-07-19 15:43:44.807+00"
"1ang00016","amateur","2026-08-03 00:00:00+00","2026-07-16 14:19:45.379865+00","2026-07-19 15:43:44.807+00"
"1dldss00507","amateur","2026-08-06 00:00:00+00","2026-07-16 14:19:45.379865+00","2026-07-19 15:43:44.807+00"
"1dldss00508","amateur","2026-08-06 00:00:00+00","2026-07-16 14:19:45.379865+00","2026-07-19 15:43:44.807+00"
"1dldss00509","amateur","2026-08-06 00:00:00+00","2026-07-16 14:19:45.379865+00","2026-07-19 15:43:44.807+00"
"1dldss00510","amateur","2026-08-06 00:00:00+00","2026-07-16 14:19:45.379865+00","2026-07-19 15:43:44.807+00"
"1dldss00511","amateur","2026-08-06 00:00:00+00","2026-07-16 14:19:45.379865+00","2026-07-19 15:43:44.807+00"
"1dldss00513","amateur","2026-08-06 00:00:00+00","2026-07-16 14:19:45.379865+00","2026-07-19 15:43:44.807+00"
"1dldss00523","amateur","2026-08-06 00:00:00+00","2026-07-16 14:19:45.379865+00","2026-07-19 15:43:44.807+00"
"1dldss00524","amateur","2026-08-06 00:00:00+00","2026-07-16 14:19:45.379865+00","2026-07-19 15:43:44.807+00"
"1dldss00525","amateur","2026-08-06 00:00:00+00","2026-07-16 14:19:45.379865+00","2026-07-19 15:43:44.807+00"
"1dldss00526","amateur","2026-08-06 00:00:00+00","2026-07-16 14:19:45.379865+00","2026-07-19 15:43:44.807+00"
"1favr00005","amateur","2026-08-18 00:00:00+00","2026-07-29 02:57:23.360986+00","2026-07-29 08:34:32.015+00"
"1favr00007","amateur","2026-08-18 00:00:00+00","2026-07-29 02:57:23.360986+00","2026-07-29 08:34:32.015+00"
"1fcdss00116","amateur","2026-08-06 00:00:00+00","2026-07-16 14:19:45.379865+00","2026-07-19 15:43:44.807+00"
"1fns00214","amateur","2026-08-06 00:00:00+00","2026-07-16 14:19:45.379865+00","2026-07-19 15:43:44.807+00"
"1fns00227","amateur","2026-08-20 00:00:00+00","2026-07-29 02:57:23.360986+00","2026-07-29 08:34:32.015+00"
"1fns00228","amateur","2026-08-06 00:00:00+00","2026-07-16 14:19:45.379865+00","2026-07-19 15:43:44.807+00"
"1fns00230","amateur","2026-08-06 00:00:00+00","2026-07-16 14:19:45.379865+00","2026-07-19 15:43:44.807+00"
"1fns00231","amateur","2026-08-06 00:00:00+00","2026-07-16 14:19:45.379865+00","2026-07-19 15:43:44.807+00"
"1fns00232","amateur","2026-08-06 00:00:00+00","2026-07-16 14:19:45.379865+00","2026-07-19 15:43:44.807+00"
"1fns00234","amateur","2026-08-06 00:00:00+00","2026-07-16 14:19:45.379865+00","2026-07-19 15:43:44.807+00"
"1fns00235","amateur","2026-08-20 00:00:00+00","2026-07-29 02:57:23.360986+00","2026-07-29 08:34:32.015+00"
"1fns00236","amateur","2026-08-20 00:00:00+00","2026-07-29 02:57:23.360986+00","2026-07-29 08:34:32.015+00"
"1fns00237","amateur","2026-08-20 00:00:00+00","2026-07-29 02:57:23.360986+00","2026-07-29 08:34:32.015+00"
"1fns00238","amateur","2026-08-20 00:00:00+00","2026-07-29 02:57:23.360986+00","2026-07-29 08:34:32.015+00"
"1fns00239","amateur","2026-08-20 00:00:00+00","2026-07-29 02:57:23.360986+00","2026-07-29 08:34:32.015+00"
"1ftht00344","amateur","2026-08-20 00:00:00+00","2026-07-29 02:57:23.360986+00","2026-07-29 08:34:32.015+00"
"1ftht00345","amateur","2026-08-20 00:00:00+00","2026-07-29 02:57:23.360986+00","2026-07-29 08:34:32.015+00"
"1ftht00348","amateur","2026-08-20 00:00:00+00","2026-07-29 02:57:23.360986+00","2026-07-29 08:34:32.015+00"
"1ftht00349","amateur","2026-08-20 00:00:00+00","2026-07-29 02:57:23.360986+00","2026-07-29 08:34:32.015+00"
"1ftht00353","amateur","2026-08-20 00:00:00+00","2026-07-29 02:57:23.360986+00","2026-07-29 08:34:32.015+00"
"1ftht00356","amateur","2026-08-20 00:00:00+00","2026-07-29 02:57:23.360986+00","2026-07-29 08:34:32.015+00"
"1ftht00357","amateur","2026-08-20 00:00:00+00","2026-07-29 02:57:23.360986+00","2026-07-29 08:34:32.015+00"
"1fthtd00206","amateur","2026-08-20 00:00:00+00","2026-07-29 02:57:23.360986+00","2026-07-29 08:34:32.015+00"
"1fthtd00207","amateur","2026-08-20 00:00:00+00","2026-07-29 02:57:23.360986+00","2026-07-29 08:34:32.015+00"
"1fthtd00215","amateur","2026-08-20 00:00:00+00","2026-07-29 02:57:23.360986+00","2026-07-29 08:34:32.015+00"
"1fthtd00217","amateur","2026-08-20 00:00:00+00","2026-07-29 02:57:23.360986+00","2026-07-29 08:34:32.015+00"
"1fthtd00220","amateur","2026-08-20 00:00:00+00","2026-07-29 02:57:23.360986+00","2026-07-29 08:34:32.015+00"
"1fthtd00222","amateur","2026-08-20 00:00:00+00","2026-07-29 02:57:23.360986+00","2026-07-29 08:34:32.015+00"
"1ftkd00037","amateur","2026-08-20 00:00:00+00","2026-07-29 02:57:23.360986+00","2026-07-29 08:34:32.015+00"
"1hbad00738","amateur","2026-08-06 00:00:00+00","2026-07-16 14:19:45.379865+00","2026-07-19 15:43:44.807+00"
"1hbad00739","amateur","2026-08-06 00:00:00+00","2026-07-16 14:19:45.379865+00","2026-07-19 15:43:44.807+00"
"1jera00044","amateur","2026-08-02 00:00:00+00","2026-07-16 14:19:45.379865+00","2026-07-19 15:43:44.807+00"
"1jera00046","amateur","2026-08-02 00:00:00+00","2026-07-16 14:19:45.379865+00","2026-07-19 15:43:44.807+00"
"1jimmy00003","amateur","2026-08-20 00:00:00+00","2026-07-29 02:57:23.360986+00","2026-07-29 08:34:32.015+00"
"1jimmy00004","amateur","2026-08-06 00:00:00+00","2026-07-16 14:19:45.379865+00","2026-07-19 15:43:44.807+00"
"1mgold00053","amateur","2026-08-06 00:00:00+00","2026-07-16 14:19:45.379865+00","2026-07-19 15:43:44.807+00"
"1mgold00054","amateur","2026-08-20 00:00:00+00","2026-07-29 02:57:23.360986+00","2026-07-29 08:34:32.015+00"
"1murikuri00013","amateur","2026-08-02 00:00:00+00","2026-07-19 15:43:45.473124+00","2026-07-19 15:43:44.807+00"
"1nhvr00226","amateur","2026-08-06 00:00:00+00","2026-07-16 14:19:45.379865+00","2026-07-19 15:43:44.807+00"
"1oftr00013","amateur","2026-08-12 00:00:00+00","2026-07-22 21:55:30.905103+00","2026-07-24 19:56:21.65+00"
"1oftr00014","amateur","2026-08-12 00:00:00+00","2026-07-22 21:55:30.905103+00","2026-07-24 19:56:21.65+00"
"1okb00193","amateur","2026-08-03 00:00:00+00","2026-07-16 14:19:45.379865+00","2026-07-19 15:43:44.807+00"
"1okk00120","amateur","2026-08-03 00:00:00+00","2026-07-16 14:19:45.379865+00","2026-07-19 15:43:44.807+00"
"1okl00014","amateur","2026-08-03 00:00:00+00","2026-07-16 14:19:45.379865+00","2026-07-19 15:43:44.807+00"
"1oks00197","amateur","2026-08-03 00:00:00+00","2026-07-16 14:19:45.379865+00","2026-07-19 15:43:44.807+00"
"1ozk00001","amateur","2026-08-03 00:00:00+00","2026-07-16 14:19:45.379865+00","2026-07-19 15:43:44.807+00"
"1ozk00002","amateur","2026-08-03 00:00:00+00","2026-07-16 14:19:45.379865+00","2026-07-19 15:43:44.807+00"
"1ozz00001","amateur","2026-08-03 00:00:00+00","2026-07-16 14:19:45.379865+00","2026-07-19 15:43:44.807+00"
"1ozz00002","amateur","2026-08-03 00:00:00+00","2026-07-16 14:19:45.379865+00","2026-07-19 15:43:44.807+00"
"1ozz00003","amateur","2026-08-03 00:00:00+00","2026-07-16 14:19:45.379865+00","2026-07-19 15:43:44.807+00"
"1ozz00004","amateur","2026-08-03 00:00:00+00","2026-07-19 15:43:45.473124+00","2026-07-19 15:43:44.807+00"
"1sbgvr00013","amateur","2026-08-07 00:00:00+00","2026-07-16 14:19:45.379865+00","2026-07-19 15:43:44.807+00"
"1sun00063a","amateur","2026-08-02 00:00:00+00","2026-07-16 14:19:45.379865+00","2026-07-19 15:43:44.807+00"
"1sun00064a","amateur","2026-08-02 00:00:00+00","2026-07-16 14:19:45.379865+00","2026-07-19 15:43:44.807+00"
"1sun00065a","amateur","2026-08-16 00:00:00+00","2026-07-29 02:57:23.360986+00","2026-07-29 08:34:32.015+00"
"1sun00066a","amateur","2026-08-16 00:00:00+00","2026-07-29 02:57:23.360986+00","2026-07-29 08:34:32.015+00"
"1sw01061","amateur","2026-08-06 00:00:00+00","2026-07-16 14:19:45.379865+00","2026-07-19 15:43:44.807+00"
"1sw01062","amateur","2026-08-06 00:00:00+00","2026-07-16 14:19:45.379865+00","2026-07-19 15:43:44.807+00"
"1sw01063","amateur","2026-08-20 00:00:00+00","2026-07-29 02:57:23.360986+00","2026-07-29 08:34:32.015+00"
"1sw01064","amateur","2026-08-20 00:00:00+00","2026-07-29 02:57:23.360986+00","2026-07-29 08:34:32.015+00"
"36doks00685","amateur","2026-08-14 00:00:00+00","2026-07-22 21:55:30.905103+00","2026-07-24 19:56:21.65+00"
"36doks00686","amateur","2026-08-14 00:00:00+00","2026-07-22 21:55:30.905103+00","2026-07-24 19:56:21.65+00"
"36drop00140","amateur","2026-08-14 00:00:00+00","2026-07-22 21:55:30.905103+00","2026-07-24 19:56:21.65+00"
"36dsjh00018","amateur","2026-08-14 00:00:00+00","2026-07-22 21:55:30.905103+00","2026-07-24 19:56:21.65+00"
"36dsjh00019","amateur","2026-08-14 00:00:00+00","2026-07-22 21:55:30.905103+00","2026-07-24 19:56:21.65+00"
"55t3800069","amateur","2026-08-10 00:00:00+00","2026-07-22 21:55:30.905103+00","2026-07-24 19:56:21.65+00"
"55t3800069a","amateur","2026-08-10 00:00:00+00","2026-07-24 19:56:22.297488+00","2026-07-24 19:56:21.65+00"
"55t3800069b","amateur","2026-08-10 00:00:00+00","2026-07-24 19:56:22.297488+00","2026-07-24 19:56:21.65+00"
"55t3800069c","amateur","2026-08-10 00:00:00+00","2026-07-24 19:56:22.297488+00","2026-07-24 19:56:21.65+00"
"59ghz00050","amateur","2026-08-10 00:00:00+00","2026-07-22 21:55:30.905103+00","2026-07-24 19:56:21.65+00"
"59hez00908","amateur","2026-08-10 00:00:00+00","2026-07-22 21:55:30.905103+00","2026-07-24 19:56:21.65+00"
"59hez00909","amateur","2026-08-10 00:00:00+00","2026-07-22 21:55:30.905103+00","2026-07-24 19:56:21.65+00"
"59hez00910","amateur","2026-08-10 00:00:00+00","2026-07-22 21:55:30.905103+00","2026-07-24 19:56:21.65+00"
"59hez00911","amateur","2026-08-10 00:00:00+00","2026-07-22 21:55:30.905103+00","2026-07-24 19:56:21.65+00"
"59hez00912","amateur","2026-08-10 00:00:00+00","2026-07-22 21:55:30.905103+00","2026-07-24 19:56:21.65+00"
"59hez00913","amateur","2026-08-10 00:00:00+00","2026-07-22 21:55:30.905103+00","2026-07-24 19:56:21.65+00"
"59hez00914","amateur","2026-08-10 00:00:00+00","2026-07-22 21:55:30.905103+00","2026-07-24 19:56:21.65+00"
"59hez00915","amateur","2026-08-10 00:00:00+00","2026-07-22 21:55:30.905103+00","2026-07-24 19:56:21.65+00"
"aarm00360","amateur","2026-08-06 00:00:00+00","2026-07-16 14:19:45.379865+00","2026-07-19 15:43:44.807+00"
"aarm00361","amateur","2026-08-06 00:00:00+00","2026-07-16 14:19:45.379865+00","2026-07-19 15:43:44.807+00"
"aarm00362","amateur","2026-08-20 00:00:00+00","2026-07-29 02:57:23.360986+00","2026-07-29 08:34:32.015+00"
"aarm00363","amateur","2026-08-20 00:00:00+00","2026-07-29 02:57:23.360986+00","2026-07-29 08:34:32.015+00"
"aarm00364","amateur","2026-08-20 00:00:00+00","2026-07-29 02:57:23.360986+00","2026-07-29 08:34:32.015+00"
"achj00088","amateur","2026-08-21 00:00:00+00","2026-07-29 02:57:23.360986+00","2026-07-29 08:34:32.015+00"
"achj00090","amateur","2026-08-21 00:00:00+00","2026-07-29 02:57:23.360986+00","2026-07-29 08:34:32.015+00"
"achj00092","amateur","2026-08-21 00:00:00+00","2026-07-29 02:57:23.360986+00","2026-07-29 08:34:32.015+00"
"advo00236","amateur","2026-08-08 00:00:00+00","2026-07-16 14:19:45.379865+00","2026-07-19 15:43:44.807+00"
"agav00178","amateur","2026-08-22 00:00:00+00","2026-07-29 02:57:23.360986+00","2026-07-29 08:34:32.015+00"
"agav00179","amateur","2026-08-22 00:00:00+00","2026-07-29 02:57:23.360986+00","2026-07-29 08:34:32.015+00"
"agav00180","amateur","2026-08-22 00:00:00+00","2026-07-29 02:57:23.360986+00","2026-07-29 08:34:32.015+00"
"agmx00271","amateur","2026-08-22 00:00:00+00","2026-07-29 02:57:23.360986+00","2026-07-29 08:34:32.015+00"
"agmx00272","amateur","2026-08-22 00:00:00+00","2026-07-29 02:57:23.360986+00","2026-07-29 08:34:32.015+00"
"agmx00273","amateur","2026-08-22 00:00:00+00","2026-07-29 02:57:23.360986+00","2026-07-29 08:34:32.015+00"
"akib00032","amateur","2026-08-21 00:00:00+00","2026-07-29 02:57:23.360986+00","2026-07-29 08:34:32.015+00"
"aldn00603","amateur","2026-08-08 00:00:00+00","2026-07-16 14:19:45.379865+00","2026-07-19 15:43:44.807+00"
"aldn00604","amateur","2026-08-08 00:00:00+00","2026-07-16 14:19:45.379865+00","2026-07-19 15:43:44.807+00"
"aldn00605","amateur","2026-08-08 00:00:00+00","2026-07-16 14:19:45.379865+00","2026-07-19 15:43:44.807+00"
"aldn00606","amateur","2026-08-22 00:00:00+00","2026-07-29 02:57:23.360986+00","2026-07-29 08:34:32.015+00"
"aldn00607","amateur","2026-08-22 00:00:00+00","2026-07-29 02:57:23.360986+00","2026-07-29 08:34:32.015+00"
"aldn00608","amateur","2026-08-22 00:00:00+00","2026-07-29 02:57:23.360986+00","2026-07-29 08:34:32.015+00"
"aldn00609","amateur","2026-08-22 00:00:00+00","2026-07-29 02:57:23.360986+00","2026-07-29 08:34:32.015+00"
"amoz00141","amateur","2026-08-22 00:00:00+00","2026-07-29 02:57:23.360986+00","2026-07-29 08:34:32.015+00"
"ankb00045","amateur","2026-08-15 00:00:00+00","2026-07-22 21:55:30.905103+00","2026-07-24 19:56:21.65+00"
"apak00335","amateur","2026-08-08 00:00:00+00","2026-07-16 14:19:45.379865+00","2026-07-19 15:43:44.807+00"
"apak00336","amateur","2026-08-22 00:00:00+00","2026-07-29 02:57:23.360986+00","2026-07-29 08:34:32.015+00"
"apgh00058","amateur","2026-08-08 00:00:00+00","2026-07-16 14:19:45.379865+00","2026-07-19 15:43:44.807+00"
"apkh00198","amateur","2026-08-22 00:00:00+00","2026-07-29 02:57:23.360986+00","2026-07-29 08:34:32.015+00"
"apns00417","amateur","2026-08-08 00:00:00+00","2026-07-16 14:19:45.379865+00","2026-07-19 15:43:44.807+00"
"apns00418","amateur","2026-08-08 00:00:00+00","2026-07-16 14:19:45.379865+00","2026-07-19 15:43:44.807+00"
"apns00419","amateur","2026-08-22 00:00:00+00","2026-07-29 02:57:23.360986+00","2026-07-29 08:34:32.015+00"
"aprg00007","amateur","2026-08-22 00:00:00+00","2026-07-29 02:57:23.360986+00","2026-07-29 08:34:32.015+00"
"asia00130","amateur","2026-08-15 00:00:00+00","2026-07-22 21:55:30.905103+00","2026-07-24 19:56:21.65+00"
"atya00045","amateur","2026-08-15 00:00:00+00","2026-07-22 21:55:30.905103+00","2026-07-24 19:56:21.65+00"
"aukg00657","amateur","2026-08-15 00:00:00+00","2026-07-22 21:55:30.905103+00","2026-07-24 19:56:21.65+00"
"avsa00448","amateur","2026-08-08 00:00:00+00","2026-07-16 14:19:45.379865+00","2026-07-23 15:00:43.446+00"
"avsa00449","amateur","2026-08-08 00:00:00+00","2026-07-16 14:19:45.379865+00","2026-07-23 15:00:43.446+00"
"avsa00450","amateur","2026-08-08 00:00:00+00","2026-07-16 14:19:45.379865+00","2026-07-23 15:00:43.446+00"
"avsa00451","amateur","2026-08-08 00:00:00+00","2026-07-16 14:19:45.379865+00","2026-07-23 15:00:43.446+00"
"avsa00452","amateur","2026-08-22 00:00:00+00","2026-07-29 02:57:23.360986+00","2026-07-29 08:34:32.015+00"
"avsa00453","amateur","2026-08-22 00:00:00+00","2026-07-29 02:57:23.360986+00","2026-07-29 08:34:32.015+00"
"avsw00076","amateur","2026-08-22 00:00:00+00","2026-07-29 02:57:23.360986+00","2026-07-29 08:34:32.015+00"
"bacj00188","amateur","2026-08-08 00:00:00+00","2026-07-16 14:19:45.379865+00","2026-07-23 15:00:43.446+00"
"bacj00189","amateur","2026-08-08 00:00:00+00","2026-07-16 14:19:45.379865+00","2026-07-23 15:00:43.446+00"
"bagr00090","amateur","2026-08-08 00:00:00+00","2026-07-16 14:19:45.379865+00","2026-07-23 15:00:43.446+00"
"bagr00091","amateur","2026-08-08 00:00:00+00","2026-07-16 14:19:45.379865+00","2026-07-23 15:00:43.446+00"
"basj00046","amateur","2026-08-08 00:00:00+00","2026-07-16 14:19:45.379865+00","2026-07-23 15:00:43.446+00"
"basj00047","amateur","2026-08-08 00:00:00+00","2026-07-16 14:19:45.379865+00","2026-07-23 15:00:43.446+00"
"bazx00414","amateur","2026-08-08 00:00:00+00","2026-07-16 14:19:45.379865+00","2026-07-23 15:00:43.446+00"
"bban00594","amateur","2026-08-07 00:00:00+00","2026-07-16 14:19:45.379865+00","2026-07-19 15:43:44.807+00"
"bban00596","amateur","2026-08-07 00:00:00+00","2026-07-16 14:19:45.379865+00","2026-07-19 15:43:44.807+00"
"bban00597","amateur","2026-08-07 00:00:00+00","2026-07-16 14:19:45.379865+00","2026-07-19 15:43:44.807+00"
"bban00600","amateur","2026-08-07 00:00:00+00","2026-07-16 14:19:45.379865+00","2026-07-19 15:43:44.807+00"
"bbtu00118","amateur","2026-08-15 00:00:00+00","2026-07-22 21:55:30.905103+00","2026-07-24 19:56:21.65+00"
"bgg00010","amateur","2026-08-22 00:00:00+00","2026-07-29 02:57:23.360986+00","2026-07-29 08:34:32.015+00"
"bgny00004","amateur","2026-08-21 00:00:00+00","2026-07-29 02:57:23.360986+00","2026-07-29 08:34:32.015+00"
"bigc00008","amateur","2026-08-08 00:00:00+00","2026-07-16 14:19:45.379865+00","2026-07-23 15:00:43.446+00"
"blor00305","amateur","2026-08-22 00:00:00+00","2026-07-29 02:57:23.360986+00","2026-07-29 08:34:32.015+00"
"blor00306","amateur","2026-08-22 00:00:00+00","2026-07-29 02:57:23.360986+00","2026-07-29 08:34:32.015+00"
"bokd00319","amateur","2026-08-07 00:00:00+00","2026-07-16 14:19:45.379865+00","2026-07-19 15:43:44.807+00"
"bonu00047","amateur","2026-08-08 00:00:00+00","2026-07-16 14:19:45.379865+00","2026-07-23 15:00:43.446+00"
"bony00200","amateur","2026-08-21 00:00:00+00","2026-07-29 02:57:23.360986+00","2026-07-29 08:34:32.015+00"
"bony00201","amateur","2026-08-21 00:00:00+00","2026-07-29 02:57:23.360986+00","2026-07-29 08:34:32.015+00"
"bony00202","amateur","2026-08-21 00:00:00+00","2026-07-29 02:57:23.360986+00","2026-07-29 08:34:32.015+00"
"bony00203","amateur","2026-08-21 00:00:00+00","2026-07-29 02:57:23.360986+00","2026-07-29 08:34:32.015+00"
"bony00204","amateur","2026-08-21 00:00:00+00","2026-07-29 02:57:23.360986+00","2026-07-29 08:34:32.015+00"
"cadv00953","amateur","2026-08-08 00:00:00+00","2026-07-16 14:19:45.379865+00","2026-07-23 15:00:43.446+00"
"cadv00954","amateur","2026-08-22 00:00:00+00","2026-07-29 02:57:23.360986+00","2026-07-29 08:34:32.015+00"
"cead00760","amateur","2026-08-08 00:00:00+00","2026-07-16 14:19:45.379865+00","2026-07-23 15:00:43.446+00"
"cead00762","amateur","2026-08-08 00:00:00+00","2026-07-16 14:19:45.379865+00","2026-07-23 15:00:43.446+00"
"cead00763","amateur","2026-08-22 00:00:00+00","2026-07-29 02:57:23.360986+00","2026-07-29 08:34:32.015+00"
"cead00764","amateur","2026-08-22 00:00:00+00","2026-07-29 02:57:23.360986+00","2026-07-29 08:34:32.015+00"
"cead00765","amateur","2026-08-22 00:00:00+00","2026-07-29 02:57:23.360986+00","2026-07-29 08:34:32.015+00"
"cemd00875","amateur","2026-08-08 00:00:00+00","2026-07-16 14:19:45.379865+00","2026-07-23 15:00:43.446+00"
"cemd00876","amateur","2026-08-08 00:00:00+00","2026-07-16 14:19:45.379865+00","2026-07-23 15:00:43.446+00"
"cemd00877","amateur","2026-08-08 00:00:00+00","2026-07-16 14:19:45.379865+00","2026-07-23 15:00:43.446+00"
"cemd00878","amateur","2026-08-08 00:00:00+00","2026-07-16 14:19:45.379865+00","2026-07-23 15:00:43.446+00"
"cemd00879","amateur","2026-08-22 00:00:00+00","2026-07-29 02:57:23.360986+00","2026-07-29 08:34:32.015+00"
"cemd00880","amateur","2026-08-22 00:00:00+00","2026-07-29 02:57:23.360986+00","2026-07-29 08:34:32.015+00"
"cemd00881","amateur","2026-08-22 00:00:00+00","2026-07-29 02:57:23.360986+00","2026-07-29 08:34:32.015+00"
"cemd00882","amateur","2026-08-22 00:00:00+00","2026-07-29 02:57:23.360986+00","2026-07-29 08:34:32.015+00"
"cemd00883","amateur","2026-08-22 00:00:00+00","2026-07-29 02:57:23.360986+00","2026-07-29 08:34:32.015+00"
"chrv00222","amateur","2026-08-08 00:00:00+00","2026-07-16 14:19:45.379865+00","2026-07-23 15:00:43.446+00"
"cjob00213","amateur","2026-08-21 00:00:00+00","2026-07-29 02:57:23.360986+00","2026-07-29 08:34:32.015+00"
"cjob00214","amateur","2026-08-21 00:00:00+00","2026-07-29 02:57:23.360986+00","2026-07-29 08:34:32.015+00"
"cjod00527","amateur","2026-08-21 00:00:00+00","2026-07-29 02:57:23.360986+00","2026-07-29 08:34:32.015+00"
"cjod00528","amateur","2026-08-21 00:00:00+00","2026-07-29 02:57:23.360986+00","2026-07-29 08:34:32.015+00"
"cjod00529","amateur","2026-08-21 00:00:00+00","2026-07-29 02:57:23.360986+00","2026-07-29 08:34:32.015+00"
"cjod00530","amateur","2026-08-21 00:00:00+00","2026-07-29 02:57:23.360986+00","2026-07-29 08:34:32.015+00"
"cjod00591","amateur","2026-08-21 00:00:00+00","2026-07-29 02:57:23.360986+00","2026-07-29 08:34:32.015+00"
"cldg00014","amateur","2026-08-21 00:00:00+00","2026-07-29 02:57:23.360986+00","2026-07-29 08:34:32.015+00"
"cma00167","amateur","2026-08-22 00:00:00+00","2026-07-29 02:57:23.360986+00","2026-07-29 08:34:32.015+00"
"cmc00342","amateur","2026-08-08 00:00:00+00","2026-07-16 14:19:45.379865+00","2026-07-24 19:56:21.65+00"
"cmc00343","amateur","2026-08-08 00:00:00+00","2026-07-16 14:19:45.379865+00","2026-07-24 19:56:21.65+00"
"cmju00006","amateur","2026-08-22 00:00:00+00","2026-07-29 02:57:23.360986+00","2026-07-29 08:34:32.015+00"
"cmju00007","amateur","2026-08-22 00:00:00+00","2026-07-29 02:57:23.360986+00","2026-07-29 08:34:32.015+00"
"cmju00008","amateur","2026-08-22 00:00:00+00","2026-07-29 02:57:23.360986+00","2026-07-29 08:34:32.015+00"
"cmju00009","amateur","2026-08-22 00:00:00+00","2026-07-29 02:57:23.360986+00","2026-07-29 08:34:32.015+00"
"cmu00142","amateur","2026-08-15 00:00:00+00","2026-07-22 21:55:30.905103+00","2026-07-24 19:56:21.65+00"
"cmv00210","amateur","2026-08-08 00:00:00+00","2026-07-16 14:19:45.379865+00","2026-07-24 19:56:21.65+00"
"cmv00211","amateur","2026-08-22 00:00:00+00","2026-07-29 02:57:23.360986+00","2026-07-29 08:34:32.015+00"
"crfv00024","amateur","2026-08-15 00:00:00+00","2026-07-24 19:56:22.297488+00","2026-07-24 19:56:21.65+00"
"dass00995","amateur","2026-08-07 00:00:00+00","2026-07-16 14:19:45.379865+00","2026-07-19 15:43:44.807+00"
"dass00998","amateur","2026-08-07 00:00:00+00","2026-07-16 14:19:45.379865+00","2026-07-19 15:43:44.807+00"
"dazd00303","amateur","2026-08-07 00:00:00+00","2026-07-16 14:19:45.379865+00","2026-07-19 15:43:44.807+00"
"dazd00304","amateur","2026-08-07 00:00:00+00","2026-07-16 14:19:45.379865+00","2026-07-19 15:43:44.807+00"
"dazd00305","amateur","2026-08-21 00:00:00+00","2026-07-29 02:57:23.360986+00","2026-07-29 08:34:32.015+00"
"dazd00306","amateur","2026-08-21 00:00:00+00","2026-07-29 02:57:23.360986+00","2026-07-29 08:34:32.015+00"
"ddff00054","amateur","2026-08-15 00:00:00+00","2026-07-22 21:55:30.905103+00","2026-07-24 19:56:21.65+00"
"ddob00142","amateur","2026-08-15 00:00:00+00","2026-07-22 21:55:30.905103+00","2026-07-24 19:56:21.65+00"
"dftr00263","amateur","2026-08-22 00:00:00+00","2026-07-29 02:57:23.360986+00","2026-07-29 08:34:32.015+00"
"dftr00264","amateur","2026-08-22 00:00:00+00","2026-07-29 02:57:23.360986+00","2026-07-29 08:34:32.015+00"
"dmdg00061","amateur","2026-08-15 00:00:00+00","2026-07-22 21:55:30.905103+00","2026-07-24 19:56:21.65+00"
"dmdg00062","amateur","2026-08-22 00:00:00+00","2026-07-29 02:57:23.360986+00","2026-07-29 08:34:32.015+00"
"dsod00001","amateur","2026-08-07 00:00:00+00","2026-07-16 14:19:45.379865+00","2026-07-19 15:43:44.807+00"
"dsod00006","amateur","2026-08-21 00:00:00+00","2026-07-29 02:57:23.360986+00","2026-07-29 08:34:32.015+00"
"dsod00013","amateur","2026-08-07 00:00:00+00","2026-07-16 14:19:45.379865+00","2026-07-19 15:43:44.807+00"
"dsod00023","amateur","2026-08-07 00:00:00+00","2026-07-16 14:19:45.379865+00","2026-07-19 15:43:44.807+00"
"dsod00030","amateur","2026-08-21 00:00:00+00","2026-07-29 02:57:23.360986+00","2026-07-29 08:34:32.015+00"
"dsod00033","amateur","2026-08-21 00:00:00+00","2026-07-29 02:57:23.360986+00","2026-07-29 08:34:32.015+00"
"dsod00035","amateur","2026-08-21 00:00:00+00","2026-07-29 02:57:23.360986+00","2026-07-29 08:34:32.015+00"
"dsod00037","amateur","2026-08-21 00:00:00+00","2026-07-29 02:57:23.360986+00","2026-07-29 08:34:32.015+00"
"dsod00040","amateur","2026-08-21 00:00:00+00","2026-07-29 02:57:23.360986+00","2026-07-29 08:34:32.015+00"
"dsod00041","amateur","2026-08-21 00:00:00+00","2026-07-29 02:57:23.360986+00","2026-07-29 08:34:32.015+00"
"dsod00043","amateur","2026-08-21 00:00:00+00","2026-07-29 02:57:23.360986+00","2026-07-29 08:34:32.015+00"
"dsod00044","amateur","2026-08-07 00:00:00+00","2026-07-16 14:19:45.379865+00","2026-07-19 15:43:44.807+00"
"dsod00051","amateur","2026-08-07 00:00:00+00","2026-07-16 14:19:45.379865+00","2026-07-19 15:43:44.807+00"
"dsod00053","amateur","2026-08-07 00:00:00+00","2026-07-16 14:19:45.379865+00","2026-07-19 15:43:44.807+00"
"dsod00054","amateur","2026-08-21 00:00:00+00","2026-07-29 02:57:23.360986+00","2026-07-29 08:34:32.015+00"
"dsod00055","amateur","2026-08-21 00:00:00+00","2026-07-29 02:57:23.360986+00","2026-07-29 08:34:32.015+00"
"dsod00056","amateur","2026-08-07 00:00:00+00","2026-07-16 14:19:45.379865+00","2026-07-19 15:43:44.807+00"
"dsod00059","amateur","2026-08-07 00:00:00+00","2026-07-16 14:19:45.379865+00","2026-07-19 15:43:44.807+00"
"dsod00061","amateur","2026-08-21 00:00:00+00","2026-07-29 02:57:23.360986+00","2026-07-29 08:34:32.015+00"
"dsod00062","amateur","2026-08-07 00:00:00+00","2026-07-16 14:19:45.379865+00","2026-07-19 15:43:44.807+00"
"dsod00069","amateur","2026-08-21 00:00:00+00","2026-07-29 02:57:23.360986+00","2026-07-29 08:34:32.015+00"
"dsod00070","amateur","2026-08-07 00:00:00+00","2026-07-16 14:19:45.379865+00","2026-07-19 15:43:44.807+00"
"dsod00071","amateur","2026-08-21 00:00:00+00","2026-07-29 02:57:23.360986+00","2026-07-29 08:34:32.015+00"
"dsod00073","amateur","2026-08-21 00:00:00+00","2026-07-29 02:57:23.360986+00","2026-07-29 08:34:32.015+00"
"dsod00076","amateur","2026-08-21 00:00:00+00","2026-07-29 02:57:23.360986+00","2026-07-29 08:34:32.015+00"
"dvaj00750","amateur","2026-08-08 00:00:00+00","2026-07-16 14:19:45.379865+00","2026-07-24 19:56:21.65+00"
"dvaj00751","amateur","2026-08-08 00:00:00+00","2026-07-16 14:19:45.379865+00","2026-07-24 19:56:21.65+00"
"dvaj00752","amateur","2026-08-08 00:00:00+00","2026-07-16 14:19:45.379865+00","2026-07-24 19:56:21.65+00"
"dvaj00753","amateur","2026-08-08 00:00:00+00","2026-07-16 14:19:45.379865+00","2026-07-24 19:56:21.65+00"
"dvmm00419","amateur","2026-08-14 00:00:00+00","2026-07-22 21:55:30.905103+00","2026-07-24 19:56:21.65+00"
"dvmm00431","amateur","2026-08-14 00:00:00+00","2026-07-22 21:55:30.905103+00","2026-07-24 19:56:21.65+00"
"dvmm00432","amateur","2026-08-14 00:00:00+00","2026-07-22 21:55:30.905103+00","2026-07-24 19:56:21.65+00"
"dvmm00433","amateur","2026-08-14 00:00:00+00","2026-07-22 21:55:30.905103+00","2026-07-24 19:56:21.65+00"
"dvmm00434","amateur","2026-08-14 00:00:00+00","2026-07-22 21:55:30.905103+00","2026-07-24 19:56:21.65+00"
"dvmm00435","amateur","2026-08-14 00:00:00+00","2026-07-22 21:55:30.905103+00","2026-07-24 19:56:21.65+00"
"ebwh00343","amateur","2026-08-14 00:00:00+00","2026-07-22 21:55:30.905103+00","2026-07-24 19:56:21.65+00"
"ebwh00350","amateur","2026-08-14 00:00:00+00","2026-07-22 21:55:30.905103+00","2026-07-24 19:56:21.65+00"
"ebwh00353","amateur","2026-08-14 00:00:00+00","2026-07-22 21:55:30.905103+00","2026-07-24 19:56:21.65+00"
"ebwh00354","amateur","2026-08-14 00:00:00+00","2026-07-22 21:55:30.905103+00","2026-07-24 19:56:21.65+00"
"ebwh00356","amateur","2026-08-14 00:00:00+00","2026-07-22 21:55:30.905103+00","2026-07-24 19:56:21.65+00"
"efdm00203","amateur","2026-08-15 00:00:00+00","2026-07-22 21:55:30.905103+00","2026-07-24 19:56:21.65+00"
"efdm00204","amateur","2026-08-15 00:00:00+00","2026-07-22 21:55:30.905103+00","2026-07-24 19:56:21.65+00"
"ekdv00824","amateur","2026-08-22 00:00:00+00","2026-07-29 02:57:23.360986+00","2026-07-29 08:34:32.015+00"
"ekdv00825","amateur","2026-08-08 00:00:00+00","2026-07-16 14:19:45.379865+00","2026-07-24 19:56:21.65+00"
"emlb00094","amateur","2026-08-21 00:00:00+00","2026-07-29 02:57:23.360986+00","2026-07-29 08:34:32.015+00"
"enki00098","amateur","2026-08-21 00:00:00+00","2026-07-29 02:57:23.360986+00","2026-07-29 08:34:32.015+00"
"erdm00233","amateur","2026-08-15 00:00:00+00","2026-07-22 21:55:30.905103+00","2026-07-24 19:56:21.65+00"
"erdm00234","amateur","2026-08-15 00:00:00+00","2026-07-22 21:55:30.905103+00","2026-07-24 19:56:21.65+00"
"erdm00235","amateur","2026-08-15 00:00:00+00","2026-07-22 21:55:30.905103+00","2026-07-24 19:56:21.65+00"
"erdm00236","amateur","2026-08-15 00:00:00+00","2026-07-22 21:55:30.905103+00","2026-07-24 19:56:21.65+00"
"erdx00004","amateur","2026-08-15 00:00:00+00","2026-07-22 21:55:30.905103+00","2026-07-24 19:56:21.65+00"
"evis00631","amateur","2026-08-08 00:00:00+00","2026-07-16 14:19:45.379865+00","2026-07-24 19:56:21.65+00"
"evis00632","amateur","2026-08-08 00:00:00+00","2026-07-19 15:43:45.473124+00","2026-07-24 19:56:21.65+00"
"evis00633","amateur","2026-08-22 00:00:00+00","2026-07-29 02:57:23.360986+00","2026-07-29 08:34:32.015+00"
"evis00634","amateur","2026-08-22 00:00:00+00","2026-07-29 02:57:23.360986+00","2026-07-29 08:34:32.015+00"
"eyan00228","amateur","2026-08-14 00:00:00+00","2026-07-22 21:55:30.905103+00","2026-07-24 19:56:21.65+00"
"eys00128","amateur","2026-08-22 00:00:00+00","2026-07-29 02:57:23.360986+00","2026-07-29 08:34:32.015+00"
"fem00037","amateur","2026-08-22 00:00:00+00","2026-07-29 02:57:23.360986+00","2026-07-29 08:34:32.015+00"
"fem00038","amateur","2026-08-22 00:00:00+00","2026-07-29 02:57:23.360986+00","2026-07-29 08:34:32.015+00"
"fffb00023","amateur","2026-08-07 00:00:00+00","2026-07-16 14:19:45.379865+00","2026-07-19 15:43:44.807+00"
"flav00425","amateur","2026-08-08 00:00:00+00","2026-07-19 15:43:45.473124+00","2026-07-24 19:56:21.65+00"
"flav00426","amateur","2026-08-22 00:00:00+00","2026-07-29 02:57:23.360986+00","2026-07-29 08:34:32.015+00"
"fpre00239","amateur","2026-08-14 00:00:00+00","2026-07-22 21:55:30.905103+00","2026-07-24 19:56:21.65+00"
"fpre00240","amateur","2026-08-14 00:00:00+00","2026-07-22 21:55:30.905103+00","2026-07-24 19:56:21.65+00"
"fstu00033","amateur","2026-08-15 00:00:00+00","2026-07-22 21:55:30.905103+00","2026-07-24 19:56:21.65+00"
"fway00099","amateur","2026-08-07 00:00:00+00","2026-07-16 14:19:45.379865+00","2026-07-19 15:43:44.807+00"
"fway00102","amateur","2026-08-07 00:00:00+00","2026-07-16 14:19:45.379865+00","2026-07-19 15:43:44.807+00"
"gajk00038","amateur","2026-08-08 00:00:00+00","2026-07-19 15:43:45.473124+00","2026-07-24 19:56:21.65+00"
"gara00025","amateur","2026-08-08 00:00:00+00","2026-07-19 15:43:45.473124+00","2026-07-24 19:56:21.65+00"
"gbsa00102","amateur","2026-08-08 00:00:00+00","2026-07-19 15:43:45.473124+00","2026-07-24 19:56:21.65+00"
"gigl00775","amateur","2026-08-22 00:00:00+00","2026-07-29 02:57:23.360986+00","2026-07-29 08:34:32.015+00"
"gigl00776","amateur","2026-08-22 00:00:00+00","2026-07-29 02:57:23.360986+00","2026-07-29 08:34:32.015+00"
"gma00100","amateur","2026-08-08 00:00:00+00","2026-07-19 15:43:45.473124+00","2026-07-24 19:56:21.65+00"
"gma00101","amateur","2026-08-08 00:00:00+00","2026-07-19 15:43:45.473124+00","2026-07-24 19:56:21.65+00"
"gmem00154","amateur","2026-08-22 00:00:00+00","2026-07-29 02:57:23.360986+00","2026-07-29 08:34:32.015+00"
"gqn00014","amateur","2026-08-15 00:00:00+00","2026-07-22 21:55:30.905103+00","2026-07-24 19:56:21.65+00"
"gtj00175","amateur","2026-08-15 00:00:00+00","2026-07-22 21:55:30.905103+00","2026-07-24 19:56:21.65+00"
"gtj00176","amateur","2026-08-15 00:00:00+00","2026-07-22 21:55:30.905103+00","2026-07-24 19:56:21.65+00"
"gvh00868","amateur","2026-08-08 00:00:00+00","2026-07-19 15:43:45.473124+00","2026-07-24 19:56:21.65+00"
"gvh00869","amateur","2026-08-08 00:00:00+00","2026-07-19 15:43:45.473124+00","2026-07-24 19:56:21.65+00"
"gvh00870","amateur","2026-08-15 00:00:00+00","2026-07-22 21:55:30.905103+00","2026-07-24 19:56:21.65+00"
"gvh00871","amateur","2026-08-15 00:00:00+00","2026-07-22 21:55:30.905103+00","2026-07-24 19:56:21.65+00"
"gvh00872","amateur","2026-08-15 00:00:00+00","2026-07-22 21:55:30.905103+00","2026-07-24 19:56:21.65+00"
"gvh00873","amateur","2026-08-22 00:00:00+00","2026-07-29 02:57:23.360986+00","2026-07-29 08:34:32.015+00"
"h_021nps00475","amateur","2026-08-15 00:00:00+00","2026-07-22 21:55:30.905103+00","2026-07-24 19:56:21.65+00"
"h_021pts00552","amateur","2026-08-15 00:00:00+00","2026-07-22 21:55:30.905103+00","2026-07-24 19:56:21.65+00"
"h_021pts00553","amateur","2026-08-15 00:00:00+00","2026-07-22 21:55:30.905103+00","2026-07-24 19:56:21.65+00"
"h_047at00183","amateur","2026-08-15 00:00:00+00","2026-07-22 21:55:30.905103+00","2026-07-24 19:56:21.65+00"
"h_047wa00592","amateur","2026-08-15 00:00:00+00","2026-07-22 21:55:30.905103+00","2026-07-24 19:56:21.65+00"
"h_1133honb00495","amateur","2026-08-12 00:00:00+00","2026-07-22 21:55:30.905103+00","2026-07-24 19:56:21.65+00"
"h_1133honb00496","amateur","2026-08-12 00:00:00+00","2026-07-22 21:55:30.905103+00","2026-07-24 19:56:21.65+00"
"h_1133nine01004","amateur","2026-08-05 00:00:00+00","2026-07-16 14:19:45.379865+00","2026-07-19 15:43:44.807+00"
"h_1133otin00027","amateur","2026-08-12 00:00:00+00","2026-07-22 21:55:30.905103+00","2026-07-24 19:56:21.65+00"
"h_1133pako00107","amateur","2026-08-12 00:00:00+00","2026-07-22 21:55:30.905103+00","2026-07-24 19:56:21.65+00"
"h_1133sxma00023","amateur","2026-08-12 00:00:00+00","2026-07-22 21:55:30.905103+00","2026-07-24 19:56:21.65+00"
"h_1133tnik00030","amateur","2026-08-12 00:00:00+00","2026-07-22 21:55:30.905103+00","2026-07-24 19:56:21.65+00"
"h_1133yako00098","amateur","2026-08-12 00:00:00+00","2026-07-22 21:55:30.905103+00","2026-07-24 19:56:21.65+00"
"h_1165goju00320","amateur","2026-08-14 00:00:00+00","2026-07-22 21:55:30.905103+00","2026-07-24 19:56:21.65+00"
"h_1165goju00321","amateur","2026-08-14 00:00:00+00","2026-07-22 21:55:30.905103+00","2026-07-24 19:56:21.65+00"
"h_1386dinm00925","amateur","2026-08-14 00:00:00+00","2026-07-22 21:55:30.905103+00","2026-07-24 19:56:21.65+00"
"h_1386dinm00926","amateur","2026-08-14 00:00:00+00","2026-07-22 21:55:30.905103+00","2026-07-24 19:56:21.65+00"
"h_1386dinm00927","amateur","2026-08-14 00:00:00+00","2026-07-22 21:55:30.905103+00","2026-07-24 19:56:21.65+00"
"h_1386dinm00928","amateur","2026-08-14 00:00:00+00","2026-07-22 21:55:30.905103+00","2026-07-24 19:56:21.65+00"
"h_1386dinm00929","amateur","2026-08-14 00:00:00+00","2026-07-22 21:55:30.905103+00","2026-07-24 19:56:21.65+00"
"h_1596gns00157","amateur","2026-08-10 00:00:00+00","2026-07-22 21:55:30.905103+00","2026-07-24 19:56:21.65+00"
"h_1596gns00158","amateur","2026-08-10 00:00:00+00","2026-07-22 21:55:30.905103+00","2026-07-24 19:56:21.65+00"
"h_1615beaf00224","amateur","2026-08-02 00:00:00+00","2026-07-19 15:43:45.473124+00","2026-07-19 15:43:44.807+00"
"h_1758jjgg00005","amateur","2026-08-08 00:00:00+00","2026-07-24 19:56:22.297488+00","2026-07-24 19:56:21.65+00"
"h_1812memo00013","amateur","2026-08-10 00:00:00+00","2026-07-22 21:55:30.905103+00","2026-07-24 19:56:21.65+00"
"h_1819awaw00027","amateur","2026-08-12 00:00:00+00","2026-07-22 21:55:30.905103+00","2026-07-24 19:56:21.65+00"
"h_1819awaw00028","amateur","2026-08-12 00:00:00+00","2026-07-22 21:55:30.905103+00","2026-07-24 19:56:21.65+00"
"h_1832msoc00062","amateur","2026-08-04 00:00:00+00","2026-07-16 14:19:45.379865+00","2026-07-19 15:43:44.807+00"
"h_1832msoc00063","amateur","2026-08-08 00:00:00+00","2026-07-19 15:43:45.473124+00","2026-07-24 19:56:21.65+00"
"h_1832msoc00064","amateur","2026-08-11 00:00:00+00","2026-07-22 21:55:30.905103+00","2026-07-24 19:56:21.65+00"
"h_1832msoc00065","amateur","2026-08-15 00:00:00+00","2026-07-22 21:55:30.905103+00","2026-07-24 19:56:21.65+00"
"h_1832msoc00066","amateur","2026-08-18 00:00:00+00","2026-07-29 02:57:23.360986+00","2026-07-29 08:34:32.015+00"
"h_1832msoc00067","amateur","2026-08-22 00:00:00+00","2026-07-29 02:57:23.360986+00","2026-07-29 08:34:32.015+00"
"h_1834tk00112","amateur","2026-08-21 00:00:00+00","2026-07-29 02:57:23.360986+00","2026-07-29 08:34:32.015+00"
"h_1834tk00113","amateur","2026-08-21 00:00:00+00","2026-07-29 02:57:23.360986+00","2026-07-29 08:34:32.015+00"
"h_1834tk00114","amateur","2026-08-21 00:00:00+00","2026-07-29 02:57:23.360986+00","2026-07-29 08:34:32.015+00"
"h_1834tk00115","amateur","2026-08-21 00:00:00+00","2026-07-29 02:57:23.360986+00","2026-07-29 08:34:32.015+00"
"h_1834tk00116","amateur","2026-08-21 00:00:00+00","2026-07-29 02:57:23.360986+00","2026-07-29 08:34:32.015+00"
"h_1834tk00118","amateur","2026-08-21 00:00:00+00","2026-07-29 02:57:23.360986+00","2026-07-29 08:34:32.015+00"
"h_1834tk00120","amateur","2026-08-21 00:00:00+00","2026-07-29 02:57:23.360986+00","2026-07-29 08:34:32.015+00"
"h_1834tk00121","amateur","2026-08-21 00:00:00+00","2026-07-29 02:57:23.360986+00","2026-07-29 08:34:32.015+00"
"h_1834tk00122","amateur","2026-08-21 00:00:00+00","2026-07-29 02:57:23.360986+00","2026-07-29 08:34:32.015+00"
"h_1836fore00049","amateur","2026-08-04 00:00:00+00","2026-07-19 15:43:45.473124+00","2026-07-19 15:43:44.807+00"
"h_1836fore00050","amateur","2026-08-07 00:00:00+00","2026-07-19 15:43:45.473124+00","2026-07-19 15:43:44.807+00"
"h_1836inmr00001","amateur","2026-08-09 00:00:00+00","2026-07-22 21:55:30.905103+00","2026-07-24 19:56:21.65+00"
"h_1836inmr00048","amateur","2026-08-04 00:00:00+00","2026-07-19 15:43:45.473124+00","2026-07-19 15:43:44.807+00"
"h_1836inmr00049","amateur","2026-08-07 00:00:00+00","2026-07-19 15:43:45.473124+00","2026-07-19 15:43:44.807+00"
"h_1836inmr00050","amateur","2026-08-09 00:00:00+00","2026-07-22 21:55:30.905103+00","2026-07-24 19:56:21.65+00"
"h_1836ncmc00048","amateur","2026-08-05 00:00:00+00","2026-07-19 15:43:45.473124+00","2026-07-19 15:43:44.807+00"
"h_1836ncmc00049","amateur","2026-08-08 00:00:00+00","2026-07-22 21:55:30.905103+00","2026-07-24 19:56:21.65+00"
"h_1836ncmc00050","amateur","2026-08-10 00:00:00+00","2026-07-22 21:55:30.905103+00","2026-07-24 19:56:21.65+00"
"h_237clot00041","amateur","2026-08-05 00:00:00+00","2026-07-16 14:19:45.379865+00","2026-07-19 15:43:44.807+00"
"h_237clot00042","amateur","2026-08-20 00:00:00+00","2026-07-29 02:57:23.360986+00","2026-07-29 08:34:32.015+00"
"h_237nact00162","amateur","2026-08-05 00:00:00+00","2026-07-16 14:19:45.379865+00","2026-07-19 15:43:44.807+00"
"h_237nact00163","amateur","2026-08-05 00:00:00+00","2026-07-16 14:19:45.379865+00","2026-07-19 15:43:44.807+00"
"h_237nact00164","amateur","2026-08-05 00:00:00+00","2026-07-16 14:19:45.379865+00","2026-07-19 15:43:44.807+00"
"h_237nact00165","amateur","2026-08-05 00:00:00+00","2026-07-16 14:19:45.379865+00","2026-07-19 15:43:44.807+00"
"h_237nact00166","amateur","2026-08-05 00:00:00+00","2026-07-16 14:19:45.379865+00","2026-07-19 15:43:44.807+00"
"h_237nact00167","amateur","2026-08-05 00:00:00+00","2026-07-16 14:19:45.379865+00","2026-07-19 15:43:44.807+00"
"h_237nact00168","amateur","2026-08-05 00:00:00+00","2026-07-16 14:19:45.379865+00","2026-07-19 15:43:44.807+00"
"h_237nact00169","amateur","2026-08-20 00:00:00+00","2026-07-29 02:57:23.360986+00","2026-07-29 08:34:32.015+00"
"h_237nact00170","amateur","2026-08-20 00:00:00+00","2026-07-29 02:57:23.360986+00","2026-07-29 08:34:32.015+00"
"h_237nact00171","amateur","2026-08-20 00:00:00+00","2026-07-29 02:57:23.360986+00","2026-07-29 08:34:32.015+00"
"h_237nact00172","amateur","2026-08-20 00:00:00+00","2026-07-29 02:57:23.360986+00","2026-07-29 08:34:32.015+00"
"h_237nact00173","amateur","2026-08-20 00:00:00+00","2026-07-29 02:57:23.360986+00","2026-07-29 08:34:32.015+00"
"h_237nact00174","amateur","2026-08-20 00:00:00+00","2026-07-29 02:57:23.360986+00","2026-07-29 08:34:32.015+00"
"h_237nact00175","amateur","2026-08-20 00:00:00+00","2026-07-29 02:57:23.360986+00","2026-07-29 08:34:32.015+00"
"h_237nacx00175","amateur","2026-08-05 00:00:00+00","2026-07-16 14:19:45.379865+00","2026-07-19 15:43:44.807+00"
"h_237nacx00176","amateur","2026-08-20 00:00:00+00","2026-07-29 02:57:23.360986+00","2026-07-29 08:34:32.015+00"
"h_237zmar00165","amateur","2026-08-05 00:00:00+00","2026-07-16 14:19:45.379865+00","2026-07-19 15:43:44.807+00"
"h_237zmar00166","amateur","2026-08-20 00:00:00+00","2026-07-29 02:57:23.360986+00","2026-07-29 08:34:32.015+00"
"h_283dipo00155","amateur","2026-08-15 00:00:00+00","2026-07-22 21:55:30.905103+00","2026-07-24 19:56:21.65+00"
"h_283pym00573","amateur","2026-08-15 00:00:00+00","2026-07-22 21:55:30.905103+00","2026-07-24 19:56:21.65+00"
"h_283pym00574","amateur","2026-08-15 00:00:00+00","2026-07-22 21:55:30.905103+00","2026-07-24 19:56:21.65+00"
"h_283pym00575","amateur","2026-08-15 00:00:00+00","2026-07-22 21:55:30.905103+00","2026-07-24 19:56:21.65+00"
"h_283pym00576","amateur","2026-08-15 00:00:00+00","2026-07-22 21:55:30.905103+00","2026-07-24 19:56:21.65+00"
"h_346rebd01054","amateur","2026-08-13 00:00:00+00","2026-07-22 21:55:30.905103+00","2026-07-24 19:56:21.65+00"
"h_346rebd01055","amateur","2026-08-13 00:00:00+00","2026-07-22 21:55:30.905103+00","2026-07-24 19:56:21.65+00"
"h_346rebd01056","amateur","2026-08-13 00:00:00+00","2026-07-22 21:55:30.905103+00","2026-07-24 19:56:21.65+00"
"h_458hsm00089","amateur","2026-08-10 00:00:00+00","2026-07-22 21:55:30.905103+00","2026-07-24 19:56:21.65+00"
"h_491alog00031","amateur","2026-08-12 00:00:00+00","2026-07-22 21:55:30.905103+00","2026-07-24 19:56:21.65+00"
"h_491fneo02003","amateur","2026-08-05 00:00:00+00","2026-07-16 14:19:45.379865+00","2026-07-19 15:43:44.807+00"
"h_491kdmn00052","amateur","2026-08-12 00:00:00+00","2026-07-22 21:55:30.905103+00","2026-07-24 19:56:21.65+00"
"h_491kdmn00053","amateur","2026-08-12 00:00:00+00","2026-07-22 21:55:30.905103+00","2026-07-24 19:56:21.65+00"
"h_491lock00015","amateur","2026-08-12 00:00:00+00","2026-07-22 21:55:30.905103+00","2026-07-24 19:56:21.65+00"
"h_491tenn00050","amateur","2026-08-12 00:00:00+00","2026-07-22 21:55:30.905103+00","2026-07-24 19:56:21.65+00"
"h_848jkw00028","amateur","2026-08-02 00:00:00+00","2026-07-16 14:19:45.379865+00","2026-07-19 15:43:44.807+00"
"halt00090","amateur","2026-08-22 00:00:00+00","2026-07-29 02:57:23.360986+00","2026-07-29 08:34:32.015+00"
"halt00091","amateur","2026-08-22 00:00:00+00","2026-07-29 02:57:23.360986+00","2026-07-29 08:34:32.015+00"
"hazu00040","amateur","2026-08-08 00:00:00+00","2026-07-19 15:43:45.473124+00","2026-07-24 19:56:21.65+00"
"hbla00012","amateur","2026-08-07 00:00:00+00","2026-07-16 14:19:45.379865+00","2026-07-19 15:43:44.807+00"
"helb00002","amateur","2026-08-22 00:00:00+00","2026-07-29 02:57:23.360986+00","2026-07-29 08:34:32.015+00"
"hery00173","amateur","2026-08-22 00:00:00+00","2026-07-29 02:57:23.360986+00","2026-07-29 08:34:32.015+00"
"hhf00112","amateur","2026-08-07 00:00:00+00","2026-07-16 14:19:45.379865+00","2026-07-19 15:43:44.807+00"
"hjbb00243","amateur","2026-08-14 00:00:00+00","2026-07-22 21:55:30.905103+00","2026-07-24 19:56:21.65+00"
"hjmo00736","amateur","2026-08-14 00:00:00+00","2026-07-22 21:55:30.905103+00","2026-07-24 19:56:21.65+00"
"hjmo00737","amateur","2026-08-14 00:00:00+00","2026-07-22 21:55:30.905103+00","2026-07-24 19:56:21.65+00"
"hjmo00738","amateur","2026-08-14 00:00:00+00","2026-07-22 21:55:30.905103+00","2026-07-24 19:56:21.65+00"
"hmix00059","amateur","2026-08-22 00:00:00+00","2026-07-29 02:57:23.360986+00","2026-07-29 08:34:32.015+00"
"hmn00884","amateur","2026-08-21 00:00:00+00","2026-07-29 02:57:23.360986+00","2026-07-29 08:34:32.015+00"
"hmn00886","amateur","2026-08-21 00:00:00+00","2026-07-29 02:57:23.360986+00","2026-07-29 08:34:32.015+00"
"hmn00893","amateur","2026-08-21 00:00:00+00","2026-07-29 02:57:23.360986+00","2026-07-29 08:34:32.015+00"
"hmn00895","amateur","2026-08-14 00:00:00+00","2026-07-22 21:55:30.905103+00","2026-07-24 19:56:21.65+00"
"hmn00896","amateur","2026-08-14 00:00:00+00","2026-07-22 21:55:30.905103+00","2026-07-24 19:56:21.65+00"
"hmn00897","amateur","2026-08-21 00:00:00+00","2026-07-29 02:57:23.360986+00","2026-07-29 08:34:32.015+00"
"hmn00898","amateur","2026-08-21 00:00:00+00","2026-07-29 02:57:23.360986+00","2026-07-29 08:34:32.015+00"
"hmn00899","amateur","2026-08-14 00:00:00+00","2026-07-22 21:55:30.905103+00","2026-07-24 19:56:21.65+00"
"hmn00900","amateur","2026-08-14 00:00:00+00","2026-07-22 21:55:30.905103+00","2026-07-24 19:56:21.65+00"
"hndb00282","amateur","2026-08-14 00:00:00+00","2026-07-22 21:55:30.905103+00","2026-07-24 19:56:21.65+00"
"hoks00232","amateur","2026-08-15 00:00:00+00","2026-07-22 21:55:30.905103+00","2026-07-24 19:56:21.65+00"
"homa00168","amateur","2026-08-22 00:00:00+00","2026-07-29 02:57:23.360986+00","2026-07-29 08:34:32.015+00"
"hrd00413","amateur","2026-08-15 00:00:00+00","2026-07-22 21:55:30.905103+00","2026-07-24 19:56:21.65+00"
"hrd00414","amateur","2026-08-15 00:00:00+00","2026-07-22 21:55:30.905103+00","2026-07-29 08:34:32.015+00"
"hrd00415","amateur","2026-08-15 00:00:00+00","2026-07-24 19:56:22.297488+00","2026-07-29 08:34:32.015+00"
"hsod00002","amateur","2026-08-21 00:00:00+00","2026-07-29 02:57:23.360986+00","2026-07-29 08:34:32.015+00"
"hsoda00123","amateur","2026-08-07 00:00:00+00","2026-07-16 14:19:45.379865+00","2026-07-19 15:43:44.807+00"
"hsoda00128","amateur","2026-08-07 00:00:00+00","2026-07-16 14:19:45.379865+00","2026-07-19 15:43:44.807+00"
"hsoda00129","amateur","2026-08-07 00:00:00+00","2026-07-16 14:19:45.379865+00","2026-07-19 15:43:44.807+00"
"hsoda00130","amateur","2026-08-07 00:00:00+00","2026-07-16 14:19:45.379865+00","2026-07-19 15:43:44.807+00"
"hssp00001","amateur","2026-08-21 00:00:00+00","2026-07-29 02:57:23.360986+00","2026-07-29 08:34:32.015+00"
"hublk00077","amateur","2026-08-21 00:00:00+00","2026-07-29 02:57:23.360986+00","2026-07-29 08:34:32.015+00"
"hublk00078","amateur","2026-08-21 00:00:00+00","2026-07-29 02:57:23.360986+00","2026-07-29 08:34:32.015+00"
"huntc00420","amateur","2026-08-07 00:00:00+00","2026-07-16 14:19:45.379865+00","2026-07-19 15:43:44.807+00"
"huntc00425","amateur","2026-08-21 00:00:00+00","2026-07-29 02:57:23.360986+00","2026-07-29 08:34:32.015+00"
"huntc00445","amateur","2026-08-07 00:00:00+00","2026-07-16 14:19:45.379865+00","2026-07-19 15:43:44.807+00"
"huntc00518","amateur","2026-08-21 00:00:00+00","2026-07-29 02:57:23.360986+00","2026-07-29 08:34:32.015+00"
"huntc00525","amateur","2026-08-21 00:00:00+00","2026-07-29 02:57:23.360986+00","2026-07-29 08:34:32.015+00"
"huntc00543","amateur","2026-08-21 00:00:00+00","2026-07-29 02:57:23.360986+00","2026-07-29 08:34:32.015+00"
"huntc00551","amateur","2026-08-07 00:00:00+00","2026-07-16 14:19:45.379865+00","2026-07-19 15:43:44.807+00"
"huntc00568","amateur","2026-08-21 00:00:00+00","2026-07-29 02:57:23.360986+00","2026-07-29 08:34:32.015+00"
"huntc00586","amateur","2026-08-07 00:00:00+00","2026-07-16 14:19:45.379865+00","2026-07-19 15:43:44.807+00"
"huntc00595","amateur","2026-08-07 00:00:00+00","2026-07-16 14:19:45.379865+00","2026-07-19 15:43:44.807+00"
"huntc00600","amateur","2026-08-07 00:00:00+00","2026-07-16 14:19:45.379865+00","2026-07-19 15:43:44.807+00"
"huntc00607","amateur","2026-08-07 00:00:00+00","2026-07-16 14:19:45.379865+00","2026-07-19 15:43:44.807+00"
"huntc00615","amateur","2026-08-07 00:00:00+00","2026-07-16 14:19:45.379865+00","2026-07-19 15:43:44.807+00"
"huntc00646","amateur","2026-08-21 00:00:00+00","2026-07-29 02:57:23.360986+00","2026-07-29 08:34:32.015+00"
"huntc00647","amateur","2026-08-21 00:00:00+00","2026-07-29 02:57:23.360986+00","2026-07-29 08:34:32.015+00"
"huntc00648","amateur","2026-08-21 00:00:00+00","2026-07-29 02:57:23.360986+00","2026-07-29 08:34:32.015+00"
"ipok00027","amateur","2026-08-07 00:00:00+00","2026-07-16 14:19:45.379865+00","2026-07-19 15:43:44.807+00"
"ipok00028","amateur","2026-08-07 00:00:00+00","2026-07-16 14:19:45.379865+00","2026-07-19 15:43:44.807+00"
"ipok00030","amateur","2026-08-07 00:00:00+00","2026-07-16 14:19:45.379865+00","2026-07-19 15:43:44.807+00"
"ipzz00871","amateur","2026-08-07 00:00:00+00","2026-07-16 14:19:45.379865+00","2026-07-19 15:43:44.807+00"
"ipzz00877","amateur","2026-08-07 00:00:00+00","2026-07-16 14:19:45.379865+00","2026-07-19 15:43:44.807+00"
"ipzz00890","amateur","2026-08-07 00:00:00+00","2026-07-16 14:19:45.379865+00","2026-07-19 15:43:44.807+00"
"ipzz00892","amateur","2026-08-07 00:00:00+00","2026-07-16 14:19:45.379865+00","2026-07-19 15:43:44.807+00"
"ipzz00899","amateur","2026-08-07 00:00:00+00","2026-07-16 14:19:45.379865+00","2026-07-19 15:43:44.807+00"
"ipzz00901","amateur","2026-08-07 00:00:00+00","2026-07-16 14:19:45.379865+00","2026-07-19 15:43:44.807+00"
"ipzz00904","amateur","2026-08-07 00:00:00+00","2026-07-16 14:19:45.379865+00","2026-07-19 15:43:44.807+00"
"ipzz00907","amateur","2026-08-07 00:00:00+00","2026-07-16 14:19:45.379865+00","2026-07-19 15:43:44.807+00"
"ipzz00910","amateur","2026-08-07 00:00:00+00","2026-07-16 14:19:45.379865+00","2026-07-19 15:43:44.807+00"
"ipzz00913","amateur","2026-08-07 00:00:00+00","2026-07-16 14:19:45.379865+00","2026-07-19 15:43:44.807+00"
"ipzz00914","amateur","2026-08-07 00:00:00+00","2026-07-16 14:19:45.379865+00","2026-07-19 15:43:44.807+00"
"ipzz00915","amateur","2026-08-07 00:00:00+00","2026-07-16 14:19:45.379865+00","2026-07-19 15:43:44.807+00"
"ipzz00918","amateur","2026-08-07 00:00:00+00","2026-07-16 14:19:45.379865+00","2026-07-19 15:43:44.807+00"
"ipzz00919","amateur","2026-08-07 00:00:00+00","2026-07-16 14:19:45.379865+00","2026-07-19 15:43:44.807+00"
"ipzz00922","amateur","2026-08-07 00:00:00+00","2026-07-16 14:19:45.379865+00","2026-07-19 15:43:44.807+00"
"ipzz00925","amateur","2026-08-07 00:00:00+00","2026-07-16 14:19:45.379865+00","2026-07-19 15:43:44.807+00"
"ipzz00926","amateur","2026-08-07 00:00:00+00","2026-07-16 14:19:45.379865+00","2026-07-19 15:43:44.807+00"
"ipzz00929","amateur","2026-08-07 00:00:00+00","2026-07-16 14:19:45.379865+00","2026-07-19 15:43:44.807+00"
"ipzz00931","amateur","2026-08-07 00:00:00+00","2026-07-16 14:19:45.379865+00","2026-07-19 15:43:44.807+00"
"ipzz00932","amateur","2026-08-07 00:00:00+00","2026-07-16 14:19:45.379865+00","2026-07-19 15:43:44.807+00"
"ipzz00940","amateur","2026-08-07 00:00:00+00","2026-07-16 14:19:45.379865+00","2026-07-19 15:43:44.807+00"
"ipzz00946","amateur","2026-08-07 00:00:00+00","2026-07-16 14:19:45.379865+00","2026-07-19 15:43:44.807+00"
"ipzz00958","amateur","2026-08-07 00:00:00+00","2026-07-16 14:19:45.379865+00","2026-07-19 15:43:44.807+00"
"jfb00513","amateur","2026-08-14 00:00:00+00","2026-07-22 21:55:30.905103+00","2026-07-24 19:56:21.65+00"
"jfb00514","amateur","2026-08-14 00:00:00+00","2026-07-22 21:55:30.905103+00","2026-07-24 19:56:21.65+00"
"jjbk00092","amateur","2026-08-14 00:00:00+00","2026-07-22 21:55:30.905103+00","2026-07-24 19:56:21.65+00"
"jjex00011","amateur","2026-08-15 00:00:00+00","2026-07-24 19:56:22.297488+00","2026-07-29 08:34:32.015+00"
"jkna00087","amateur","2026-08-15 00:00:00+00","2026-07-24 19:56:22.297488+00","2026-07-29 08:34:32.015+00"
"jktu00107","amateur","2026-08-15 00:00:00+00","2026-07-24 19:56:22.297488+00","2026-07-29 08:34:32.015+00"
"jktu00108","amateur","2026-08-15 00:00:00+00","2026-07-24 19:56:22.297488+00","2026-07-29 08:34:32.015+00"
"jqre00029","amateur","2026-08-11 00:00:00+00","2026-07-22 21:55:30.905103+00","2026-07-24 19:56:21.65+00"
"jqre00030","amateur","2026-08-11 00:00:00+00","2026-07-22 21:55:30.905103+00","2026-07-24 19:56:21.65+00"
"jqre00036","amateur","2026-08-11 00:00:00+00","2026-07-22 21:55:30.905103+00","2026-07-24 19:56:21.65+00"
"jums00180","amateur","2026-08-07 00:00:00+00","2026-07-16 14:19:45.379865+00","2026-07-19 15:43:44.807+00"
"jums00181","amateur","2026-08-07 00:00:00+00","2026-07-16 14:19:45.379865+00","2026-07-19 15:43:44.807+00"
"jums00184","amateur","2026-08-21 00:00:00+00","2026-07-29 02:57:23.360986+00","2026-07-29 08:34:32.015+00"
"jur00097","amateur","2026-08-07 00:00:00+00","2026-07-16 14:19:45.379865+00","2026-07-19 15:43:44.807+00"
"jur00098","amateur","2026-08-21 00:00:00+00","2026-07-29 02:57:23.360986+00","2026-07-29 08:34:32.015+00"
"jur00099","amateur","2026-08-21 00:00:00+00","2026-07-29 02:57:23.360986+00","2026-07-29 08:34:32.015+00"
"jur00100","amateur","2026-08-21 00:00:00+00","2026-07-29 02:57:23.360986+00","2026-07-29 08:34:32.015+00"
"jur00102","amateur","2026-08-07 00:00:00+00","2026-07-16 14:19:45.379865+00","2026-07-19 15:43:44.807+00"
"jur00103","amateur","2026-08-07 00:00:00+00","2026-07-16 14:19:45.379865+00","2026-07-19 15:43:44.807+00"
"jur00104","amateur","2026-08-21 00:00:00+00","2026-07-29 02:57:23.360986+00","2026-07-29 08:34:32.015+00"
"jur00767","amateur","2026-08-07 00:00:00+00","2026-07-16 14:19:45.379865+00","2026-07-19 15:43:44.807+00"
"jur00786","amateur","2026-08-07 00:00:00+00","2026-07-16 14:19:45.379865+00","2026-07-19 15:43:44.807+00"
"jur00788","amateur","2026-08-07 00:00:00+00","2026-07-16 14:19:45.379865+00","2026-07-19 15:43:44.807+00"
"jur00791","amateur","2026-08-07 00:00:00+00","2026-07-16 14:19:45.379865+00","2026-07-19 15:43:44.807+00"
"jur00792","amateur","2026-08-07 00:00:00+00","2026-07-16 14:19:45.379865+00","2026-07-19 15:43:44.807+00"
"jur00794","amateur","2026-08-07 00:00:00+00","2026-07-16 14:19:45.379865+00","2026-07-19 15:43:44.807+00"
"jur00798","amateur","2026-08-07 00:00:00+00","2026-07-16 14:19:45.379865+00","2026-07-19 15:43:44.807+00"
"jur00799","amateur","2026-08-21 00:00:00+00","2026-07-29 02:57:23.360986+00","2026-07-29 08:34:32.015+00"
"jur00804","amateur","2026-08-21 00:00:00+00","2026-07-29 02:57:23.360986+00","2026-07-29 08:34:32.015+00"
"jur00806","amateur","2026-08-07 00:00:00+00","2026-07-16 14:19:45.379865+00","2026-07-19 15:43:44.807+00"
"jur00811","amateur","2026-08-07 00:00:00+00","2026-07-16 14:19:45.379865+00","2026-07-19 15:43:44.807+00"
"jur00814","amateur","2026-08-07 00:00:00+00","2026-07-16 14:19:45.379865+00","2026-07-19 15:43:44.807+00"
"jur00815","amateur","2026-08-21 00:00:00+00","2026-07-29 02:57:23.360986+00","2026-07-29 08:34:32.015+00"
"jur00818","amateur","2026-08-07 00:00:00+00","2026-07-16 14:19:45.379865+00","2026-07-19 15:43:44.807+00"
"jur00819","amateur","2026-08-21 00:00:00+00","2026-07-29 02:57:23.360986+00","2026-07-29 08:34:32.015+00"
"jur00820","amateur","2026-08-21 00:00:00+00","2026-07-29 02:57:23.360986+00","2026-07-29 08:34:32.015+00"
"jur00821","amateur","2026-08-21 00:00:00+00","2026-07-29 02:57:23.360986+00","2026-07-29 08:34:32.015+00"
"jur00823","amateur","2026-08-21 00:00:00+00","2026-07-29 02:57:23.360986+00","2026-07-29 08:34:32.015+00"
"jur00824","amateur","2026-08-21 00:00:00+00","2026-07-29 02:57:23.360986+00","2026-07-29 08:34:32.015+00"
"jur00827","amateur","2026-08-07 00:00:00+00","2026-07-16 14:19:45.379865+00","2026-07-19 15:43:44.807+00"
"jur00829","amateur","2026-08-07 00:00:00+00","2026-07-16 14:19:45.379865+00","2026-07-19 15:43:44.807+00"
"jur00830","amateur","2026-08-21 00:00:00+00","2026-07-29 02:57:23.360986+00","2026-07-29 08:34:32.015+00"
"jur00831","amateur","2026-08-07 00:00:00+00","2026-07-16 14:19:45.379865+00","2026-07-19 15:43:44.807+00"
"jur00833","amateur","2026-08-07 00:00:00+00","2026-07-16 14:19:45.379865+00","2026-07-19 15:43:44.807+00"
"jur00834","amateur","2026-08-21 00:00:00+00","2026-07-29 02:57:23.360986+00","2026-07-29 08:34:32.015+00"
"jur00837","amateur","2026-08-07 00:00:00+00","2026-07-16 14:19:45.379865+00","2026-07-19 15:43:44.807+00"
"jur00838","amateur","2026-08-21 00:00:00+00","2026-07-29 02:57:23.360986+00","2026-07-29 08:34:32.015+00"
"jur00839","amateur","2026-08-21 00:00:00+00","2026-07-29 02:57:23.360986+00","2026-07-29 08:34:32.015+00"
"jur00844","amateur","2026-08-21 00:00:00+00","2026-07-29 02:57:23.360986+00","2026-07-29 08:34:32.015+00"
"jur00900","amateur","2026-08-07 00:00:00+00","2026-07-16 14:19:45.379865+00","2026-07-19 15:43:44.807+00"
"juyu00007","amateur","2026-08-22 00:00:00+00","2026-07-29 02:57:23.360986+00","2026-07-29 08:34:32.015+00"
"jyma00112","amateur","2026-08-21 00:00:00+00","2026-07-29 02:57:23.360986+00","2026-07-29 08:34:32.015+00"
"jyma00113","amateur","2026-08-21 00:00:00+00","2026-07-29 02:57:23.360986+00","2026-07-29 08:34:32.015+00"
"kagn00027","amateur","2026-08-22 00:00:00+00","2026-07-29 02:57:23.360986+00","2026-07-29 08:34:32.015+00"
"kagp00402","amateur","2026-08-15 00:00:00+00","2026-07-24 19:56:22.297488+00","2026-07-29 08:34:32.015+00"
"kagp00403","amateur","2026-08-15 00:00:00+00","2026-07-24 19:56:22.297488+00","2026-07-29 08:34:32.015+00"
"kagp00404","amateur","2026-08-22 00:00:00+00","2026-07-29 02:57:23.360986+00","2026-07-29 08:34:32.015+00"
"kam00280","amateur","2026-08-14 00:00:00+00","2026-07-22 21:55:30.905103+00","2026-07-24 19:56:21.65+00"
"kbms00212","amateur","2026-08-22 00:00:00+00","2026-07-29 02:57:23.360986+00","2026-07-29 08:34:32.015+00"
"kbms00213","amateur","2026-08-22 00:00:00+00","2026-07-29 02:57:23.360986+00","2026-07-29 08:34:32.015+00"
"kcda00329","amateur","2026-08-22 00:00:00+00","2026-07-29 02:57:23.360986+00","2026-07-29 08:34:32.015+00"
"kibd00353","amateur","2026-08-14 00:00:00+00","2026-07-22 21:55:30.905103+00","2026-07-24 19:56:21.65+00"
"kibd00354","amateur","2026-08-14 00:00:00+00","2026-07-22 21:55:30.905103+00","2026-07-24 19:56:21.65+00"
"kiwvr00893","amateur","2026-08-18 00:00:00+00","2026-07-29 02:57:23.360986+00","2026-07-29 08:34:32.015+00"
"kiwvr00897","amateur","2026-08-04 00:00:00+00","2026-07-16 14:19:45.379865+00","2026-07-19 15:43:44.807+00"
"krbv00480","amateur","2026-08-14 00:00:00+00","2026-07-22 21:55:30.905103+00","2026-07-24 19:56:21.65+00"
"ksat00109","amateur","2026-08-22 00:00:00+00","2026-07-29 02:57:23.360986+00","2026-07-29 08:34:32.015+00"
"ksbj00440","amateur","2026-08-01 00:00:00+00","2026-07-16 14:19:45.379865+00","2026-07-16 14:19:44.415+00"
"ksbj00441","amateur","2026-08-15 00:00:00+00","2026-07-24 19:56:22.297488+00","2026-07-29 08:34:32.015+00"
"ksbj00442","amateur","2026-08-15 00:00:00+00","2026-07-24 19:56:22.297488+00","2026-07-29 08:34:32.015+00"
"ktb00120","amateur","2026-08-01 00:00:00+00","2026-07-16 14:19:45.379865+00","2026-07-16 14:19:44.415+00"
"ktkc00206","amateur","2026-08-01 00:00:00+00","2026-07-16 14:19:45.379865+00","2026-07-16 14:19:44.415+00"
"ktkf01006","amateur","2026-08-04 00:00:00+00","2026-07-16 14:19:45.379865+00","2026-07-19 15:43:44.807+00"
"ktkn00014","amateur","2026-08-15 00:00:00+00","2026-07-24 19:56:22.297488+00","2026-07-29 08:34:32.015+00"
"ktra00793","amateur","2026-08-22 00:00:00+00","2026-07-29 02:57:23.360986+00","2026-07-29 08:34:32.015+00"
"ktra00794","amateur","2026-08-22 00:00:00+00","2026-07-29 02:57:23.360986+00","2026-07-29 08:34:32.015+00"
"ktra00795","amateur","2026-08-22 00:00:00+00","2026-07-29 02:57:23.360986+00","2026-07-29 08:34:32.015+00"
"ktve00004","amateur","2026-08-01 00:00:00+00","2026-07-16 14:19:45.379865+00","2026-07-16 14:19:44.415+00"
"kymi00057","amateur","2026-08-15 00:00:00+00","2026-07-24 19:56:22.297488+00","2026-07-29 08:34:32.015+00"
"lucy00030","amateur","2026-08-22 00:00:00+00","2026-07-29 02:57:23.360986+00","2026-07-29 08:34:32.015+00"
"luns00257","amateur","2026-08-22 00:00:00+00","2026-07-29 02:57:23.360986+00","2026-07-29 08:34:32.015+00"
"luns00258","amateur","2026-08-22 00:00:00+00","2026-07-29 02:57:23.360986+00","2026-07-29 08:34:32.015+00"
"luns00259","amateur","2026-08-22 00:00:00+00","2026-07-29 02:57:23.360986+00","2026-07-29 08:34:32.015+00"
"madm00221","amateur","2026-08-08 00:00:00+00","2026-07-19 15:43:45.473124+00","2026-07-24 19:56:21.65+00"
"madm00222","amateur","2026-08-22 00:00:00+00","2026-07-29 02:57:23.360986+00","2026-07-29 08:34:32.015+00"
"madv00640","amateur","2026-08-08 00:00:00+00","2026-07-19 15:43:45.473124+00","2026-07-24 19:56:21.65+00"
"mbyd00430","amateur","2026-08-14 00:00:00+00","2026-07-22 21:55:30.905103+00","2026-07-24 19:56:21.65+00"
"mdbk00427","amateur","2026-08-08 00:00:00+00","2026-07-19 15:43:45.473124+00","2026-07-24 19:56:21.65+00"
"mdbk00428","amateur","2026-08-08 00:00:00+00","2026-07-19 15:43:45.473124+00","2026-07-24 19:56:21.65+00"
"mdtm00883","amateur","2026-08-08 00:00:00+00","2026-07-19 15:43:45.473124+00","2026-07-24 19:56:21.65+00"
"mfyd00171","amateur","2026-08-14 00:00:00+00","2026-07-22 21:55:30.905103+00","2026-07-24 19:56:21.65+00"
"mfyd00172","amateur","2026-08-14 00:00:00+00","2026-07-22 21:55:30.905103+00","2026-07-24 19:56:21.65+00"
"mfyd00173","amateur","2026-08-14 00:00:00+00","2026-07-22 21:55:30.905103+00","2026-07-24 19:56:21.65+00"
"mfyd00174","amateur","2026-08-14 00:00:00+00","2026-07-22 21:55:30.905103+00","2026-07-24 19:56:21.65+00"
"mfyd00175","amateur","2026-08-14 00:00:00+00","2026-07-22 21:55:30.905103+00","2026-07-24 19:56:21.65+00"
"mfyd00176","amateur","2026-08-14 00:00:00+00","2026-07-22 21:55:30.905103+00","2026-07-24 19:56:21.65+00"
"mfyd00177","amateur","2026-08-14 00:00:00+00","2026-07-22 21:55:30.905103+00","2026-07-24 19:56:21.65+00"
"mfyd00180","amateur","2026-08-14 00:00:00+00","2026-07-22 21:55:30.905103+00","2026-07-24 19:56:21.65+00"
"mfyd00193","amateur","2026-08-14 00:00:00+00","2026-07-22 21:55:30.905103+00","2026-07-24 19:56:21.65+00"
"mght00394","amateur","2026-08-08 00:00:00+00","2026-07-19 15:43:45.473124+00","2026-07-24 19:56:21.65+00"
"mght00395","amateur","2026-08-08 00:00:00+00","2026-07-19 15:43:45.473124+00","2026-07-24 19:56:21.65+00"
"mgmk00004","amateur","2026-08-08 00:00:00+00","2026-07-22 21:55:30.905103+00","2026-07-24 19:56:21.65+00"
"mgmq00171","amateur","2026-08-15 00:00:00+00","2026-07-24 19:56:22.297488+00","2026-07-29 08:34:32.015+00"
"mibb00084","amateur","2026-08-15 00:00:00+00","2026-07-24 19:56:22.297488+00","2026-07-29 08:34:32.015+00"
"mibb00085","amateur","2026-08-15 00:00:00+00","2026-07-24 19:56:22.297488+00","2026-07-29 08:34:32.015+00"
"mida00681","amateur","2026-08-14 00:00:00+00","2026-07-22 21:55:30.905103+00","2026-07-24 19:56:21.65+00"
"mida00703","amateur","2026-08-14 00:00:00+00","2026-07-22 21:55:30.905103+00","2026-07-24 19:56:21.65+00"
"mida00741","amateur","2026-08-14 00:00:00+00","2026-07-22 21:55:30.905103+00","2026-07-24 19:56:21.65+00"
"mida00742","amateur","2026-08-14 00:00:00+00","2026-07-22 21:55:30.905103+00","2026-07-24 19:56:21.65+00"
"mida00743","amateur","2026-08-14 00:00:00+00","2026-07-22 21:55:30.905103+00","2026-07-24 19:56:21.65+00"
"mida00746","amateur","2026-08-14 00:00:00+00","2026-07-22 21:55:30.905103+00","2026-07-24 19:56:21.65+00"
"mida00747","amateur","2026-08-14 00:00:00+00","2026-07-22 21:55:30.905103+00","2026-07-24 19:56:21.65+00"
"mida00748","amateur","2026-08-14 00:00:00+00","2026-07-22 21:55:30.905103+00","2026-07-24 19:56:21.65+00"
"mida00749","amateur","2026-08-14 00:00:00+00","2026-07-22 21:55:30.905103+00","2026-07-24 19:56:21.65+00"
"mida00750","amateur","2026-08-14 00:00:00+00","2026-07-22 21:55:30.905103+00","2026-07-24 19:56:21.65+00"
"mida00752","amateur","2026-08-14 00:00:00+00","2026-07-22 21:55:30.905103+00","2026-07-24 19:56:21.65+00"
"mida00753","amateur","2026-08-14 00:00:00+00","2026-07-22 21:55:30.905103+00","2026-07-24 19:56:21.65+00"
"mida00755","amateur","2026-08-14 00:00:00+00","2026-07-22 21:55:30.905103+00","2026-07-24 19:56:21.65+00"
"mida00792","amateur","2026-08-14 00:00:00+00","2026-07-22 21:55:30.905103+00","2026-07-24 19:56:21.65+00"
"mifd00732","amateur","2026-08-14 00:00:00+00","2026-07-22 21:55:30.905103+00","2026-07-24 19:56:21.65+00"
"mihd00009","amateur","2026-08-13 00:00:00+00","2026-07-22 21:55:30.905103+00","2026-07-24 19:56:21.65+00"
"mikr00116","amateur","2026-08-14 00:00:00+00","2026-07-22 21:55:30.905103+00","2026-07-24 19:56:21.65+00"
"mikr00117","amateur","2026-08-14 00:00:00+00","2026-07-22 21:55:30.905103+00","2026-07-24 19:56:21.65+00"
"mikr00119","amateur","2026-08-14 00:00:00+00","2026-07-22 21:55:30.905103+00","2026-07-24 19:56:21.65+00"
"mimk00287","amateur","2026-08-14 00:00:00+00","2026-07-22 21:55:30.905103+00","2026-07-24 19:56:21.65+00"
"mimk00293","amateur","2026-08-14 00:00:00+00","2026-07-22 21:55:30.905103+00","2026-07-24 19:56:21.65+00"
"mism00451","amateur","2026-08-21 00:00:00+00","2026-07-29 02:57:23.360986+00","2026-07-29 08:34:32.015+00"
"mism00457","amateur","2026-08-21 00:00:00+00","2026-07-29 02:57:23.360986+00","2026-07-29 08:34:32.015+00"
"mism00461","amateur","2026-08-21 00:00:00+00","2026-07-29 02:57:23.360986+00","2026-07-29 08:34:32.015+00"
"mizd00530","amateur","2026-08-14 00:00:00+00","2026-07-22 21:55:30.905103+00","2026-07-24 19:56:21.65+00"
"mizd00532","amateur","2026-08-14 00:00:00+00","2026-07-22 21:55:30.905103+00","2026-07-24 19:56:21.65+00"
"mizd00548","amateur","2026-08-14 00:00:00+00","2026-07-22 21:55:30.905103+00","2026-07-24 19:56:21.65+00"
"mkck00427","amateur","2026-08-14 00:00:00+00","2026-07-22 21:55:30.905103+00","2026-07-24 19:56:21.65+00"
"mkck00428","amateur","2026-08-14 00:00:00+00","2026-07-22 21:55:30.905103+00","2026-07-24 19:56:21.65+00"
"mkmp00744","amateur","2026-08-08 00:00:00+00","2026-07-22 21:55:30.905103+00","2026-07-24 19:56:21.65+00"
"mkmp00745","amateur","2026-08-08 00:00:00+00","2026-07-22 21:55:30.905103+00","2026-07-24 19:56:21.65+00"
"mkmp00747","amateur","2026-08-08 00:00:00+00","2026-07-22 21:55:30.905103+00","2026-07-24 19:56:21.65+00"
"mkmp00750","amateur","2026-08-08 00:00:00+00","2026-07-22 21:55:30.905103+00","2026-07-24 19:56:21.65+00"
"mkon00146","amateur","2026-08-15 00:00:00+00","2026-07-24 19:56:22.297488+00","2026-07-29 08:34:32.015+00"
"mkon00147","amateur","2026-08-15 00:00:00+00","2026-07-29 02:57:23.360986+00","2026-07-29 08:34:32.015+00"
"mlmm00094","amateur","2026-08-08 00:00:00+00","2026-07-22 21:55:30.905103+00","2026-07-24 19:56:21.65+00"
"mmbf00007","amateur","2026-08-15 00:00:00+00","2026-07-29 02:57:23.360986+00","2026-07-29 08:34:32.015+00"
"mmkz00165","amateur","2026-08-08 00:00:00+00","2026-07-22 21:55:30.905103+00","2026-07-24 19:56:21.65+00"
"mmmb00186","amateur","2026-08-08 00:00:00+00","2026-07-22 21:55:30.905103+00","2026-07-24 19:56:21.65+00"
"mmmb00187","amateur","2026-08-08 00:00:00+00","2026-07-22 21:55:30.905103+00","2026-07-24 19:56:21.65+00"
"mmmb00188","amateur","2026-08-08 00:00:00+00","2026-07-22 21:55:30.905103+00","2026-07-24 19:56:21.65+00"
"mmpb00132","amateur","2026-08-01 00:00:00+00","2026-07-16 14:19:45.379865+00","2026-07-16 14:19:44.415+00"
"mmpb00133","amateur","2026-08-01 00:00:00+00","2026-07-16 14:19:45.379865+00","2026-07-16 14:19:44.415+00"
"mmpb00134","amateur","2026-08-01 00:00:00+00","2026-07-16 14:19:45.379865+00","2026-07-16 14:19:44.415+00"
"mmpb00135","amateur","2026-08-01 00:00:00+00","2026-07-16 14:19:45.379865+00","2026-07-16 14:19:44.415+00"
"mmym00080","amateur","2026-08-15 00:00:00+00","2026-07-29 02:57:23.360986+00","2026-07-29 08:34:32.015+00"
"mngs00075","amateur","2026-08-14 00:00:00+00","2026-07-22 21:55:30.905103+00","2026-07-24 19:56:21.65+00"
"mngs00076","amateur","2026-08-14 00:00:00+00","2026-07-22 21:55:30.905103+00","2026-07-24 19:56:21.65+00"
"mngs00078","amateur","2026-08-14 00:00:00+00","2026-07-22 21:55:30.905103+00","2026-07-24 19:56:21.65+00"
"moch00002","amateur","2026-08-15 00:00:00+00","2026-07-29 02:57:23.360986+00","2026-07-29 08:34:32.015+00"
"mogk00008","amateur","2026-08-01 00:00:00+00","2026-07-16 14:19:45.379865+00","2026-07-16 14:19:44.415+00"
"mond00307","amateur","2026-08-08 00:00:00+00","2026-07-22 21:55:30.905103+00","2026-07-24 19:56:21.65+00"
"mooc00025","amateur","2026-08-01 00:00:00+00","2026-07-16 14:19:45.379865+00","2026-07-16 14:19:44.415+00"
"mooc00026","amateur","2026-08-01 00:00:00+00","2026-07-16 14:19:45.379865+00","2026-07-16 14:19:44.415+00"
"mopp00125","amateur","2026-08-01 00:00:00+00","2026-07-16 14:19:45.379865+00","2026-07-16 14:19:44.415+00"
"mrec00008","amateur","2026-08-04 00:00:00+00","2026-07-16 14:19:45.379865+00","2026-07-19 15:43:44.807+00"
"mrec00009","amateur","2026-08-18 00:00:00+00","2026-07-29 02:57:23.360986+00","2026-07-29 08:34:32.015+00"
"mrss00190","amateur","2026-08-15 00:00:00+00","2026-07-29 02:57:23.360986+00","2026-07-29 08:34:32.015+00"
"mrss00191","amateur","2026-08-15 00:00:00+00","2026-07-29 02:57:23.360986+00","2026-07-29 08:34:32.015+00"
"mtgd00002","amateur","2026-08-08 00:00:00+00","2026-07-22 21:55:30.905103+00","2026-07-24 19:56:21.65+00"
"mucd00360","amateur","2026-08-14 00:00:00+00","2026-07-22 21:55:30.905103+00","2026-07-24 19:56:21.65+00"
"mucd00363","amateur","2026-08-14 00:00:00+00","2026-07-22 21:55:30.905103+00","2026-07-24 19:56:21.65+00"
"mudr00385","amateur","2026-08-14 00:00:00+00","2026-07-22 21:55:30.905103+00","2026-07-24 19:56:21.65+00"
"mudr00389","amateur","2026-08-14 00:00:00+00","2026-07-22 21:55:30.905103+00","2026-07-24 19:56:21.65+00"
"mudr00391","amateur","2026-08-14 00:00:00+00","2026-07-22 21:55:30.905103+00","2026-07-24 19:56:21.65+00"
"mudr00392","amateur","2026-08-14 00:00:00+00","2026-07-22 21:55:30.905103+00","2026-07-24 19:56:21.65+00"
"mudr00394","amateur","2026-08-14 00:00:00+00","2026-07-22 21:55:30.905103+00","2026-07-24 19:56:21.65+00"
"mudr00400","amateur","2026-08-14 00:00:00+00","2026-07-22 21:55:30.905103+00","2026-07-24 19:56:21.65+00"
"mufr00011","amateur","2026-08-14 00:00:00+00","2026-07-22 21:55:30.905103+00","2026-07-24 19:56:21.65+00"
"muka00010","amateur","2026-08-14 00:00:00+00","2026-07-22 21:55:30.905103+00","2026-07-24 19:56:21.65+00"
"mukc00128","amateur","2026-08-14 00:00:00+00","2026-07-22 21:55:30.905103+00","2026-07-24 19:56:21.65+00"
"mukc00130","amateur","2026-08-14 00:00:00+00","2026-07-22 21:55:30.905103+00","2026-07-24 19:56:21.65+00"
"mukd00582","amateur","2026-08-14 00:00:00+00","2026-07-22 21:55:30.905103+00","2026-07-24 19:56:21.65+00"
"mukd00583","amateur","2026-08-14 00:00:00+00","2026-07-22 21:55:30.905103+00","2026-07-24 19:56:21.65+00"
"mvbd00197","amateur","2026-08-18 00:00:00+00","2026-07-29 02:57:23.360986+00","2026-07-29 08:34:32.015+00"
"mvg00170","amateur","2026-08-08 00:00:00+00","2026-07-22 21:55:30.905103+00","2026-07-24 19:56:21.65+00"
"mvsd00693","amateur","2026-08-14 00:00:00+00","2026-07-22 21:55:30.905103+00","2026-07-24 19:56:21.65+00"
"mvsd00703","amateur","2026-08-18 00:00:00+00","2026-07-29 02:57:23.360986+00","2026-07-29 08:34:32.015+00"
"mvsd00704","amateur","2026-08-14 00:00:00+00","2026-07-22 21:55:30.905103+00","2026-07-24 19:56:21.65+00"
"mvsd00705","amateur","2026-08-18 00:00:00+00","2026-07-29 02:57:23.360986+00","2026-07-29 08:34:32.015+00"
"mvsh00001","amateur","2026-08-18 00:00:00+00","2026-07-29 02:57:23.360986+00","2026-07-29 08:34:32.015+00"
"myba00097","amateur","2026-08-15 00:00:00+00","2026-07-29 02:57:23.360986+00","2026-07-29 08:34:32.015+00"
"nask00426","amateur","2026-08-08 00:00:00+00","2026-07-22 21:55:30.905103+00","2026-07-24 19:56:21.65+00"
"nask00427","amateur","2026-08-08 00:00:00+00","2026-07-22 21:55:30.905103+00","2026-07-24 19:56:21.65+00"
"nask00428","amateur","2026-08-08 00:00:00+00","2026-07-22 21:55:30.905103+00","2026-07-24 19:56:21.65+00"
"nbes00115","amateur","2026-08-07 00:00:00+00","2026-07-16 14:19:45.379865+00","2026-07-19 15:43:44.807+00"
"nghj00069","amateur","2026-08-08 00:00:00+00","2026-07-22 21:55:30.905103+00","2026-07-24 19:56:21.65+00"
"nghj00070","amateur","2026-08-08 00:00:00+00","2026-07-22 21:55:30.905103+00","2026-07-24 19:56:21.65+00"
"nghj00071","amateur","2026-08-08 00:00:00+00","2026-07-22 21:55:30.905103+00","2026-07-24 19:56:21.65+00"
"nghj00072","amateur","2026-08-08 00:00:00+00","2026-07-22 21:55:30.905103+00","2026-07-24 19:56:21.65+00"
"ngod00350","amateur","2026-08-07 00:00:00+00","2026-07-16 14:19:45.379865+00","2026-07-19 15:43:44.807+00"
"ngod00351","amateur","2026-08-07 00:00:00+00","2026-07-16 14:19:45.379865+00","2026-07-19 15:43:44.807+00"
"ngod00352","amateur","2026-08-07 00:00:00+00","2026-07-16 14:19:45.379865+00","2026-07-19 15:43:44.807+00"
"ngod00353","amateur","2026-08-07 00:00:00+00","2026-07-16 14:19:45.379865+00","2026-07-19 15:43:44.807+00"
"nkkd00366","amateur","2026-08-07 00:00:00+00","2026-07-16 14:19:45.379865+00","2026-07-19 15:43:44.807+00"
"nkkd00367","amateur","2026-08-07 00:00:00+00","2026-07-16 14:19:45.379865+00","2026-07-19 15:43:44.807+00"
"nkwmr00027","amateur","2026-08-06 00:00:00+00","2026-07-16 14:19:45.379865+00","2026-07-19 15:43:44.807+00"
"nnod00001","amateur","2026-08-07 00:00:00+00","2026-07-16 14:19:45.379865+00","2026-07-19 15:43:44.807+00"
"nsfs00500","amateur","2026-08-08 00:00:00+00","2026-07-22 21:55:30.905103+00","2026-07-24 19:56:21.65+00"
"nsfs00501","amateur","2026-08-08 00:00:00+00","2026-07-22 21:55:30.905103+00","2026-07-24 19:56:21.65+00"
"nsfs00502","amateur","2026-08-08 00:00:00+00","2026-07-22 21:55:30.905103+00","2026-07-24 19:56:21.65+00"
"nsfs00503","amateur","2026-08-08 00:00:00+00","2026-07-22 21:55:30.905103+00","2026-07-24 19:56:21.65+00"
"nsodn00026","amateur","2026-08-07 00:00:00+00","2026-07-16 14:19:45.379865+00","2026-07-19 15:43:44.807+00"
"nvh00084","amateur","2026-08-01 00:00:00+00","2026-07-16 14:19:45.379865+00","2026-07-16 14:19:44.415+00"
"nykd00145","amateur","2026-08-15 00:00:00+00","2026-07-29 02:57:23.360986+00","2026-07-29 08:34:32.015+00"
"ofje00649","amateur","2026-08-21 00:00:00+00","2026-07-29 02:57:23.360986+00","2026-07-29 08:34:32.015+00"
"ofje00650","amateur","2026-08-07 00:00:00+00","2026-07-16 14:19:45.379865+00","2026-07-19 15:43:44.807+00"
"ofje00651","amateur","2026-08-07 00:00:00+00","2026-07-16 14:19:45.379865+00","2026-07-19 15:43:44.807+00"
"ofje00652","amateur","2026-08-07 00:00:00+00","2026-07-16 14:19:45.379865+00","2026-07-19 15:43:44.807+00"
"ofje00654","amateur","2026-08-21 00:00:00+00","2026-07-29 02:57:23.360986+00","2026-07-29 08:34:32.015+00"
"ofje00655","amateur","2026-08-21 00:00:00+00","2026-07-29 02:57:23.360986+00","2026-07-29 08:34:32.015+00"
"pap00279","amateur","2026-08-15 00:00:00+00","2026-07-29 02:57:23.360986+00","2026-07-29 08:34:32.015+00"
"pbd00523","amateur","2026-08-14 00:00:00+00","2026-07-22 21:55:30.905103+00","2026-07-24 19:56:21.65+00"
"pbd00524","amateur","2026-08-14 00:00:00+00","2026-07-22 21:55:30.905103+00","2026-07-24 19:56:21.65+00"
"pfas00044","amateur","2026-08-01 00:00:00+00","2026-07-16 14:19:45.379865+00","2026-07-16 14:19:44.415+00"
"pfas00045","amateur","2026-08-15 00:00:00+00","2026-07-29 02:57:23.360986+00","2026-07-29 08:34:32.015+00"
"pkpd00428","amateur","2026-08-01 00:00:00+00","2026-07-16 14:19:45.379865+00","2026-07-16 14:19:44.415+00"
"pkpd00429","amateur","2026-08-01 00:00:00+00","2026-07-16 14:19:45.379865+00","2026-07-16 14:19:44.415+00"
"pkpd00430","amateur","2026-08-15 00:00:00+00","2026-07-29 02:57:23.360986+00","2026-07-29 08:34:32.015+00"
"pkpd00431","amateur","2026-08-15 00:00:00+00","2026-07-29 02:57:23.360986+00","2026-07-29 08:34:32.015+00"
"pkpl00068","amateur","2026-08-01 00:00:00+00","2026-07-16 14:19:45.379865+00","2026-07-16 14:19:44.415+00"
"pkpr00047","amateur","2026-08-01 00:00:00+00","2026-07-16 14:19:45.379865+00","2026-07-16 14:19:44.415+00"
"ppbd00322","amateur","2026-08-14 00:00:00+00","2026-07-22 21:55:30.905103+00","2026-07-24 19:56:21.65+00"
"pppe00433","amateur","2026-08-14 00:00:00+00","2026-07-22 21:55:30.905103+00","2026-07-24 19:56:21.65+00"
"pppe00434","amateur","2026-08-14 00:00:00+00","2026-07-22 21:55:30.905103+00","2026-07-24 19:56:21.65+00"
"pppe00435","amateur","2026-08-14 00:00:00+00","2026-07-22 21:55:30.905103+00","2026-07-24 19:56:21.65+00"
"pppe00436","amateur","2026-08-14 00:00:00+00","2026-07-22 21:55:30.905103+00","2026-07-24 19:56:21.65+00"
"pppe00437","amateur","2026-08-14 00:00:00+00","2026-07-22 21:55:30.905103+00","2026-07-24 19:56:21.65+00"
"pppe00438","amateur","2026-08-14 00:00:00+00","2026-07-22 21:55:30.905103+00","2026-07-24 19:56:21.65+00"
"pppe00444","amateur","2026-08-14 00:00:00+00","2026-07-22 21:55:30.905103+00","2026-07-24 19:56:21.65+00"
"pred00871","amateur","2026-08-14 00:00:00+00","2026-07-22 21:55:30.905103+00","2026-07-24 19:56:21.65+00"
"pred00882","amateur","2026-08-14 00:00:00+00","2026-07-22 21:55:30.905103+00","2026-07-24 19:56:21.65+00"
"pred00884","amateur","2026-08-14 00:00:00+00","2026-07-22 21:55:30.905103+00","2026-07-24 19:56:21.65+00"
"pred00887","amateur","2026-08-14 00:00:00+00","2026-07-22 21:55:30.905103+00","2026-07-24 19:56:21.65+00"
"pred00888","amateur","2026-08-14 00:00:00+00","2026-07-22 21:55:30.905103+00","2026-07-24 19:56:21.65+00"
"pred00889","amateur","2026-08-14 00:00:00+00","2026-07-22 21:55:30.905103+00","2026-07-24 19:56:21.65+00"
"pred00891","amateur","2026-08-14 00:00:00+00","2026-07-22 21:55:30.905103+00","2026-07-24 19:56:21.65+00"
"pred00892","amateur","2026-08-14 00:00:00+00","2026-07-22 21:55:30.905103+00","2026-07-24 19:56:21.65+00"
"prmj00374","amateur","2026-08-15 00:00:00+00","2026-07-29 02:57:23.360986+00","2026-07-29 08:34:32.015+00"
"prmj00375","amateur","2026-08-15 00:00:00+00","2026-07-29 02:57:23.360986+00","2026-07-29 08:34:32.015+00"
"prmj00376","amateur","2026-08-15 00:00:00+00","2026-07-29 02:57:23.360986+00","2026-07-29 08:34:32.015+00"
"prmj00377","amateur","2026-08-15 00:00:00+00","2026-07-29 02:57:23.360986+00","2026-07-29 08:34:32.015+00"
"prwf00013","amateur","2026-08-14 00:00:00+00","2026-07-22 21:55:30.905103+00","2026-07-24 19:56:21.65+00"
"prwf00015","amateur","2026-08-14 00:00:00+00","2026-07-22 21:55:30.905103+00","2026-07-24 19:56:21.65+00"
"rbb00341","amateur","2026-08-07 00:00:00+00","2026-07-16 14:19:45.379865+00","2026-07-19 15:43:44.807+00"
"rbb00342","amateur","2026-08-07 00:00:00+00","2026-07-16 14:19:45.379865+00","2026-07-19 15:43:44.807+00"
"rezd00336","amateur","2026-08-21 00:00:00+00","2026-07-29 02:57:23.360986+00","2026-07-29 08:34:32.015+00"
"rki00762","amateur","2026-08-07 00:00:00+00","2026-07-16 14:19:45.379865+00","2026-07-19 15:43:44.807+00"
"rki00763","amateur","2026-08-07 00:00:00+00","2026-07-16 14:19:45.379865+00","2026-07-19 15:43:44.807+00"
"rki00764","amateur","2026-08-07 00:00:00+00","2026-07-16 14:19:45.379865+00","2026-07-19 15:43:44.807+00"
"rlmp00005","amateur","2026-08-08 00:00:00+00","2026-07-22 21:55:30.905103+00","2026-07-24 19:56:21.65+00"
"rlmp00006","amateur","2026-08-08 00:00:00+00","2026-07-22 21:55:30.905103+00","2026-07-24 19:56:21.65+00"
"rlmp00010","amateur","2026-08-08 00:00:00+00","2026-07-22 21:55:30.905103+00","2026-07-24 19:56:21.65+00"
"rlmp00011","amateur","2026-08-08 00:00:00+00","2026-07-22 21:55:30.905103+00","2026-07-24 19:56:21.65+00"
"roe00529","amateur","2026-08-07 00:00:00+00","2026-07-16 14:19:45.379865+00","2026-07-19 15:43:44.807+00"
"roe00530","amateur","2026-08-21 00:00:00+00","2026-07-29 02:57:23.360986+00","2026-07-29 08:34:32.015+00"
"roe00531","amateur","2026-08-07 00:00:00+00","2026-07-16 14:19:45.379865+00","2026-07-19 15:43:44.807+00"
"roe00532","amateur","2026-08-07 00:00:00+00","2026-07-16 14:19:45.379865+00","2026-07-19 15:43:44.807+00"
"roe00533","amateur","2026-08-07 00:00:00+00","2026-07-16 14:19:45.379865+00","2026-07-19 15:43:44.807+00"
"roe00534","amateur","2026-08-07 00:00:00+00","2026-07-16 14:19:45.379865+00","2026-07-19 15:43:44.807+00"
"roe00535","amateur","2026-08-07 00:00:00+00","2026-07-16 14:19:45.379865+00","2026-07-19 15:43:44.807+00"
"roe00537","amateur","2026-08-07 00:00:00+00","2026-07-16 14:19:45.379865+00","2026-07-19 15:43:44.807+00"
"roe00538","amateur","2026-08-07 00:00:00+00","2026-07-16 14:19:45.379865+00","2026-07-19 15:43:44.807+00"
"roe00539","amateur","2026-08-07 00:00:00+00","2026-07-16 14:19:45.379865+00","2026-07-19 15:43:44.807+00"
"roe00540","amateur","2026-08-21 00:00:00+00","2026-07-29 02:57:23.360986+00","2026-07-29 08:34:32.015+00"
"roe00541","amateur","2026-08-21 00:00:00+00","2026-07-29 02:57:23.360986+00","2026-07-29 08:34:32.015+00"
"roe00542","amateur","2026-08-07 00:00:00+00","2026-07-16 14:19:45.379865+00","2026-07-19 15:43:44.807+00"
"roe00543","amateur","2026-08-21 00:00:00+00","2026-07-29 02:57:23.360986+00","2026-07-29 08:34:32.015+00"
"roe00558","amateur","2026-08-21 00:00:00+00","2026-07-29 02:57:23.360986+00","2026-07-29 08:34:32.015+00"
"room00078","amateur","2026-08-15 00:00:00+00","2026-07-29 02:57:23.360986+00","2026-07-29 08:34:32.015+00"
"royd00330","amateur","2026-08-21 00:00:00+00","2026-07-29 02:57:23.360986+00","2026-07-29 08:34:32.015+00"
"royd00338","amateur","2026-08-21 00:00:00+00","2026-07-29 02:57:23.360986+00","2026-07-29 08:34:32.015+00"
"royd00339","amateur","2026-08-21 00:00:00+00","2026-07-29 02:57:23.360986+00","2026-07-29 08:34:32.015+00"
"royd00340","amateur","2026-08-07 00:00:00+00","2026-07-16 14:19:45.379865+00","2026-07-19 15:43:44.807+00"
"royd00341","amateur","2026-08-21 00:00:00+00","2026-07-29 02:57:23.360986+00","2026-07-29 08:34:32.015+00"
"royd00342","amateur","2026-08-07 00:00:00+00","2026-07-16 14:19:45.379865+00","2026-07-19 15:43:44.807+00"
"royd00343","amateur","2026-08-07 00:00:00+00","2026-07-16 14:19:45.379865+00","2026-07-19 15:43:44.807+00"
"royd00344","amateur","2026-08-07 00:00:00+00","2026-07-16 14:19:45.379865+00","2026-07-19 15:43:44.807+00"
"royd00345","amateur","2026-08-07 00:00:00+00","2026-07-16 14:19:45.379865+00","2026-07-19 15:43:44.807+00"
"royd00351","amateur","2026-08-21 00:00:00+00","2026-07-29 02:57:23.360986+00","2026-07-29 08:34:32.015+00"
"rpin00092","amateur","2026-08-01 00:00:00+00","2026-07-16 14:19:45.379865+00","2026-07-16 14:19:44.415+00"
"rroy00021","amateur","2026-08-21 00:00:00+00","2026-07-29 02:57:23.360986+00","2026-07-29 08:34:32.015+00"
"rse00054","amateur","2026-08-15 00:00:00+00","2026-07-29 02:57:23.360986+00","2026-07-29 08:34:32.015+00"
"sal00264","amateur","2026-08-08 00:00:00+00","2026-07-22 21:55:30.905103+00","2026-07-24 19:56:21.65+00"
"savr01116","amateur","2026-08-09 00:00:00+00","2026-07-22 21:55:30.905103+00","2026-07-24 19:56:21.65+00"
"savr01121","amateur","2026-08-01 00:00:00+00","2026-07-16 14:19:45.379865+00","2026-07-16 14:19:44.415+00"
"savr01122","amateur","2026-08-10 00:00:00+00","2026-07-22 21:55:30.905103+00","2026-07-24 19:56:21.65+00"
"savr01123","amateur","2026-08-18 00:00:00+00","2026-07-29 02:57:23.360986+00","2026-07-29 08:34:32.015+00"
"savr01125","amateur","2026-08-01 00:00:00+00","2026-07-16 14:19:45.379865+00","2026-07-16 14:19:44.415+00"
"savr01129","amateur","2026-08-01 00:00:00+00","2026-07-16 14:19:45.379865+00","2026-07-16 14:19:44.415+00"
"savr01130","amateur","2026-08-10 00:00:00+00","2026-07-22 21:55:30.905103+00","2026-07-24 19:56:21.65+00"
"savr01137","amateur","2026-08-02 00:00:00+00","2026-07-16 14:19:45.379865+00","2026-07-19 15:43:44.807+00"
"savr01139","amateur","2026-08-16 00:00:00+00","2026-07-29 02:57:23.360986+00","2026-07-29 08:34:32.015+00"
"savr01143","amateur","2026-08-01 00:00:00+00","2026-07-16 14:19:45.379865+00","2026-07-16 14:19:44.415+00"
"savr01147","amateur","2026-08-14 00:00:00+00","2026-07-22 21:55:30.905103+00","2026-07-24 19:56:21.65+00"
"savr01156","amateur","2026-08-16 00:00:00+00","2026-07-29 02:57:23.360986+00","2026-07-29 08:34:32.015+00"
"savr01159","amateur","2026-08-15 00:00:00+00","2026-07-29 02:57:23.360986+00","2026-07-29 08:34:32.015+00"
"scmf00003","amateur","2026-08-15 00:00:00+00","2026-07-29 02:57:23.360986+00","2026-07-29 08:34:32.015+00"
"scop00920","amateur","2026-08-08 00:00:00+00","2026-07-22 21:55:30.905103+00","2026-07-24 19:56:21.65+00"
"sigl00023","amateur","2026-08-01 00:00:00+00","2026-07-16 14:19:45.379865+00","2026-07-16 14:19:44.415+00"
"smkd00012","amateur","2026-08-15 00:00:00+00","2026-07-29 02:57:23.360986+00","2026-07-29 08:34:32.015+00"
"smok00042","amateur","2026-08-01 00:00:00+00","2026-07-16 14:19:45.379865+00","2026-07-16 14:19:44.415+00"
"smok00043","amateur","2026-08-01 00:00:00+00","2026-07-16 14:19:45.379865+00","2026-07-16 14:19:44.415+00"
"snos00065","amateur","2026-08-07 00:00:00+00","2026-07-16 14:19:45.379865+00","2026-07-19 15:43:44.807+00"
"snos00145","amateur","2026-08-21 00:00:00+00","2026-07-29 02:57:23.360986+00","2026-07-29 08:34:32.015+00"
"snos00246","amateur","2026-08-07 00:00:00+00","2026-07-16 14:19:45.379865+00","2026-07-19 15:43:44.807+00"
"snos00270","amateur","2026-08-07 00:00:00+00","2026-07-16 14:19:45.379865+00","2026-07-19 15:43:44.807+00"
"snos00290","amateur","2026-08-21 00:00:00+00","2026-07-29 02:57:23.360986+00","2026-07-29 08:34:32.015+00"
"snos00297","amateur","2026-08-07 00:00:00+00","2026-07-16 14:19:45.379865+00","2026-07-19 15:43:44.807+00"
"snos00298","amateur","2026-08-07 00:00:00+00","2026-07-16 14:19:45.379865+00","2026-07-19 15:43:44.807+00"
"snos00306","amateur","2026-08-07 00:00:00+00","2026-07-16 14:19:45.379865+00","2026-07-19 15:43:44.807+00"
"snos00309","amateur","2026-08-07 00:00:00+00","2026-07-16 14:19:45.379865+00","2026-07-19 15:43:44.807+00"
"snos00311","amateur","2026-08-21 00:00:00+00","2026-07-29 02:57:23.360986+00","2026-07-29 08:34:32.015+00"
"snos00315","amateur","2026-08-21 00:00:00+00","2026-07-29 02:57:23.360986+00","2026-07-29 08:34:32.015+00"
"snos00317","amateur","2026-08-21 00:00:00+00","2026-07-29 02:57:23.360986+00","2026-07-29 08:34:32.015+00"
"snos00321","amateur","2026-08-07 00:00:00+00","2026-07-16 14:19:45.379865+00","2026-07-19 15:43:44.807+00"
"snos00323","amateur","2026-08-07 00:00:00+00","2026-07-16 14:19:45.379865+00","2026-07-19 15:43:44.807+00"
"snos00332","amateur","2026-08-07 00:00:00+00","2026-07-16 14:19:45.379865+00","2026-07-19 15:43:44.807+00"
"snos00333","amateur","2026-08-21 00:00:00+00","2026-07-29 02:57:23.360986+00","2026-07-29 08:34:32.015+00"
"snos00334","amateur","2026-08-07 00:00:00+00","2026-07-16 14:19:45.379865+00","2026-07-19 15:43:44.807+00"
"snos00335","amateur","2026-08-21 00:00:00+00","2026-07-29 02:57:23.360986+00","2026-07-29 08:34:32.015+00"
"snos00340","amateur","2026-08-21 00:00:00+00","2026-07-29 02:57:23.360986+00","2026-07-29 08:34:32.015+00"
"snos00345","amateur","2026-08-21 00:00:00+00","2026-07-29 02:57:23.360986+00","2026-07-29 08:34:32.015+00"
"snos00346","amateur","2026-08-21 00:00:00+00","2026-07-29 02:57:23.360986+00","2026-07-29 08:34:32.015+00"
"snos00351","amateur","2026-08-21 00:00:00+00","2026-07-29 02:57:23.360986+00","2026-07-29 08:34:32.015+00"
"snos00352","amateur","2026-08-21 00:00:00+00","2026-07-29 02:57:23.360986+00","2026-07-29 08:34:32.015+00"
"snos00353","amateur","2026-08-07 00:00:00+00","2026-07-16 14:19:45.379865+00","2026-07-19 15:43:44.807+00"
"snos00354","amateur","2026-08-21 00:00:00+00","2026-07-29 02:57:23.360986+00","2026-07-29 08:34:32.015+00"
"snos00356","amateur","2026-08-21 00:00:00+00","2026-07-29 02:57:23.360986+00","2026-07-29 08:34:32.015+00"
"snos00357","amateur","2026-08-07 00:00:00+00","2026-07-16 14:19:45.379865+00","2026-07-19 15:43:44.807+00"
"snos00360","amateur","2026-08-21 00:00:00+00","2026-07-29 02:57:23.360986+00","2026-07-29 08:34:32.015+00"
"snos00361","amateur","2026-08-07 00:00:00+00","2026-07-16 14:19:45.379865+00","2026-07-19 15:43:44.807+00"
"snos00362","amateur","2026-08-21 00:00:00+00","2026-07-29 02:57:23.360986+00","2026-07-29 08:34:32.015+00"
"snos00365","amateur","2026-08-21 00:00:00+00","2026-07-29 02:57:23.360986+00","2026-07-29 08:34:32.015+00"
"snos00369","amateur","2026-08-21 00:00:00+00","2026-07-29 02:57:23.360986+00","2026-07-29 08:34:32.015+00"
"snos00371","amateur","2026-08-21 00:00:00+00","2026-07-29 02:57:23.360986+00","2026-07-29 08:34:32.015+00"
"snos00373","amateur","2026-08-21 00:00:00+00","2026-07-29 02:57:23.360986+00","2026-07-29 08:34:32.015+00"
"snos00409","amateur","2026-08-21 00:00:00+00","2026-07-29 02:57:23.360986+00","2026-07-29 08:34:32.015+00"
"soan00130","amateur","2026-08-01 00:00:00+00","2026-07-16 14:19:45.379865+00","2026-07-16 14:19:44.415+00"
"soav00139","amateur","2026-08-01 00:00:00+00","2026-07-16 14:19:45.379865+00","2026-07-16 14:19:44.415+00"
"sora00642","amateur","2026-08-01 00:00:00+00","2026-07-16 14:19:45.379865+00","2026-07-16 14:19:44.415+00"
"sora00643","amateur","2026-08-01 00:00:00+00","2026-07-16 14:19:45.379865+00","2026-07-16 14:19:44.415+00"
"sora00644","amateur","2026-08-01 00:00:00+00","2026-07-16 14:19:45.379865+00","2026-07-19 15:43:44.807+00"
"spjur00001","amateur","2026-08-07 00:00:00+00","2026-07-16 14:19:45.379865+00","2026-07-19 15:43:44.807+00"
"sqis00123","amateur","2026-08-08 00:00:00+00","2026-07-22 21:55:30.905103+00","2026-07-24 19:56:21.65+00"
"sqte00704","amateur","2026-08-01 00:00:00+00","2026-07-16 14:19:45.379865+00","2026-07-19 15:43:44.807+00"
"sqte00705","amateur","2026-08-01 00:00:00+00","2026-07-16 14:19:45.379865+00","2026-07-19 15:43:44.807+00"
"sqte00706","amateur","2026-08-01 00:00:00+00","2026-07-16 14:19:45.379865+00","2026-07-19 15:43:44.807+00"
"sqte00707","amateur","2026-08-01 00:00:00+00","2026-07-16 14:19:45.379865+00","2026-07-19 15:43:44.807+00"
"sqte00708","amateur","2026-08-15 00:00:00+00","2026-07-29 02:57:23.360986+00","2026-07-29 08:34:32.015+00"
"sqte00709","amateur","2026-08-15 00:00:00+00","2026-07-29 02:57:23.360986+00","2026-07-29 08:34:32.015+00"
"sqte00710","amateur","2026-08-15 00:00:00+00","2026-07-29 02:57:23.360986+00","2026-07-29 08:34:32.015+00"
"sqte00711","amateur","2026-08-15 00:00:00+00","2026-07-29 02:57:23.360986+00","2026-07-29 08:34:32.015+00"
"srob00050","amateur","2026-08-14 00:00:00+00","2026-07-22 21:55:30.905103+00","2026-07-24 19:56:21.65+00"
"suji00315","amateur","2026-08-15 00:00:00+00","2026-07-29 02:57:23.360986+00","2026-07-29 08:34:32.015+00"
"suji00316","amateur","2026-08-15 00:00:00+00","2026-07-29 02:57:23.360986+00","2026-07-29 08:34:32.015+00"
"suji00317","amateur","2026-08-15 00:00:00+00","2026-07-29 02:57:23.360986+00","2026-07-29 08:34:32.015+00"
"supa00679","amateur","2026-08-08 00:00:00+00","2026-07-22 21:55:30.905103+00","2026-07-24 19:56:21.65+00"
"supa00680","amateur","2026-08-08 00:00:00+00","2026-07-22 21:55:30.905103+00","2026-07-24 19:56:21.65+00"
"szkx00016","amateur","2026-08-15 00:00:00+00","2026-07-29 02:57:23.360986+00","2026-07-29 08:34:32.015+00"
"tanf00042","amateur","2026-08-08 00:00:00+00","2026-07-22 21:55:30.905103+00","2026-07-24 19:56:21.65+00"
"tanp00055","amateur","2026-08-15 00:00:00+00","2026-07-29 02:57:23.360986+00","2026-07-29 08:34:32.015+00"
"tcd00344","amateur","2026-08-08 00:00:00+00","2026-07-22 21:55:30.905103+00","2026-07-24 19:56:21.65+00"
"tcd00345","amateur","2026-08-08 00:00:00+00","2026-07-22 21:55:30.905103+00","2026-07-24 19:56:21.65+00"
"tcdf00031","amateur","2026-08-08 00:00:00+00","2026-07-22 21:55:30.905103+00","2026-07-24 19:56:21.65+00"
"tikb00225","amateur","2026-08-15 00:00:00+00","2026-07-29 02:57:23.360986+00","2026-07-29 08:34:32.015+00"
"tkd00072","amateur","2026-08-15 00:00:00+00","2026-07-29 02:57:23.360986+00","2026-07-29 08:34:32.015+00"
"tnoz00049","amateur","2026-08-08 00:00:00+00","2026-07-22 21:55:30.905103+00","2026-07-24 19:56:21.65+00"
"uman00010","amateur","2026-08-07 00:00:00+00","2026-07-16 14:19:45.379865+00","2026-07-19 15:43:44.807+00"
"uman00011","amateur","2026-08-07 00:00:00+00","2026-07-16 14:19:45.379865+00","2026-07-19 15:43:44.807+00"
"urec00004","amateur","2026-08-21 00:00:00+00","2026-07-29 02:57:23.360986+00","2026-07-29 08:34:32.015+00"
"urmt00008","amateur","2026-08-08 00:00:00+00","2026-07-22 21:55:30.905103+00","2026-07-24 19:56:21.65+00"
"urvrsp00597","amateur","2026-08-08 00:00:00+00","2026-07-24 19:56:22.297488+00","2026-07-24 19:56:21.65+00"
"urvrsp00599","amateur","2026-08-08 00:00:00+00","2026-07-22 21:55:30.905103+00","2026-07-24 19:56:21.65+00"
"usag00095","amateur","2026-08-01 00:00:00+00","2026-07-16 14:19:45.379865+00","2026-07-19 15:43:44.807+00"
"usag00096","amateur","2026-08-01 00:00:00+00","2026-07-16 14:19:45.379865+00","2026-07-19 15:43:44.807+00"
"vec00783","amateur","2026-08-14 00:00:00+00","2026-07-22 21:55:30.905103+00","2026-07-24 19:56:21.65+00"
"vec00784","amateur","2026-08-14 00:00:00+00","2026-07-22 21:55:30.905103+00","2026-07-24 19:56:21.65+00"
"vec00785","amateur","2026-08-14 00:00:00+00","2026-07-22 21:55:30.905103+00","2026-07-24 19:56:21.65+00"
"vec00786","amateur","2026-08-14 00:00:00+00","2026-07-22 21:55:30.905103+00","2026-07-24 19:56:21.65+00"
"venx00380","amateur","2026-08-14 00:00:00+00","2026-07-22 21:55:30.905103+00","2026-07-24 19:56:21.65+00"
"vrkm01847","amateur","2026-08-02 00:00:00+00","2026-07-16 14:19:45.379865+00","2026-07-19 15:43:44.807+00"
"vrkm01852","amateur","2026-08-03 00:00:00+00","2026-07-16 14:19:45.379865+00","2026-07-19 15:43:44.807+00"
"vrkm01853","amateur","2026-08-05 00:00:00+00","2026-07-16 14:19:45.379865+00","2026-07-19 15:43:44.807+00"
"vrkm01854","amateur","2026-08-16 00:00:00+00","2026-07-29 02:57:23.360986+00","2026-07-29 08:34:32.015+00"
"vrkm01855","amateur","2026-08-08 00:00:00+00","2026-07-22 21:55:30.905103+00","2026-07-24 19:56:21.65+00"
"vrkm01856","amateur","2026-08-14 00:00:00+00","2026-07-22 21:55:30.905103+00","2026-07-24 19:56:21.65+00"
"vrkm01857","amateur","2026-08-07 00:00:00+00","2026-07-16 14:19:45.379865+00","2026-07-19 15:43:44.807+00"
"vrkm01858","amateur","2026-08-02 00:00:00+00","2026-07-16 14:19:45.379865+00","2026-07-19 15:43:44.807+00"
"vrkm01859","amateur","2026-08-20 00:00:00+00","2026-07-29 02:57:23.360986+00","2026-07-29 08:34:32.015+00"
"vrkm01860","amateur","2026-08-06 00:00:00+00","2026-07-16 14:19:45.379865+00","2026-07-19 15:43:44.807+00"
"vrkm01861","amateur","2026-08-17 00:00:00+00","2026-07-29 02:57:23.360986+00","2026-07-29 08:34:32.015+00"
"vrkm01862","amateur","2026-08-04 00:00:00+00","2026-07-16 14:19:45.379865+00","2026-07-19 15:43:44.807+00"
"vrkm01868","amateur","2026-08-15 00:00:00+00","2026-07-29 02:57:23.360986+00","2026-07-29 08:34:32.015+00"
"vrkm01869","amateur","2026-08-05 00:00:00+00","2026-07-16 14:19:45.379865+00","2026-07-19 15:43:44.807+00"
"vrkm01871","amateur","2026-08-08 00:00:00+00","2026-07-22 21:55:30.905103+00","2026-07-24 19:56:21.65+00"
"vrkm01872","amateur","2026-08-21 00:00:00+00","2026-07-29 02:57:23.360986+00","2026-07-29 08:34:32.015+00"
"vrkm01874","amateur","2026-08-12 00:00:00+00","2026-07-22 21:55:30.905103+00","2026-07-24 19:56:21.65+00"
"vrprd00198","amateur","2026-08-06 00:00:00+00","2026-07-16 14:19:45.379865+00","2026-07-19 15:43:44.807+00"
"vrprd00200","amateur","2026-08-01 00:00:00+00","2026-07-16 14:19:45.379865+00","2026-07-19 15:43:44.807+00"
"vrprd00208","amateur","2026-08-15 00:00:00+00","2026-07-29 02:57:23.360986+00","2026-07-29 08:34:32.015+00"
"wtex00024","amateur","2026-08-07 00:00:00+00","2026-07-16 14:19:45.379865+00","2026-07-19 15:43:44.807+00"
"xrl00091","amateur","2026-08-08 00:00:00+00","2026-07-22 21:55:30.905103+00","2026-07-24 19:56:21.65+00"
"xvsr00888","amateur","2026-08-01 00:00:00+00","2026-07-16 14:19:45.379865+00","2026-07-19 15:43:44.807+00"
"xvsr00889","amateur","2026-08-01 00:00:00+00","2026-07-16 14:19:45.379865+00","2026-07-19 15:43:44.807+00"
"xvsr00890","amateur","2026-08-01 00:00:00+00","2026-07-16 14:19:45.379865+00","2026-07-19 15:43:44.807+00"
"xvsr00891","amateur","2026-08-01 00:00:00+00","2026-07-16 14:19:45.379865+00","2026-07-19 15:43:44.807+00"
"xvsr00892","amateur","2026-08-01 00:00:00+00","2026-07-16 14:19:45.379865+00","2026-07-19 15:43:44.807+00"
"ydns00012","amateur","2026-08-01 00:00:00+00","2026-07-16 14:19:45.379865+00","2026-07-19 15:43:44.807+00"
"ymdd00501","amateur","2026-08-01 00:00:00+00","2026-07-16 14:19:45.379865+00","2026-07-19 15:43:44.807+00"
"ymdd00502","amateur","2026-08-01 00:00:00+00","2026-07-16 14:19:45.379865+00","2026-07-19 15:43:44.807+00"
"ymdd00503","amateur","2026-08-01 00:00:00+00","2026-07-16 14:19:45.379865+00","2026-07-19 15:43:44.807+00"
"ymdd00504","amateur","2026-08-01 00:00:00+00","2026-07-16 14:19:45.379865+00","2026-07-19 15:43:44.807+00"
"ymds00297","amateur","2026-08-01 00:00:00+00","2026-07-16 14:19:45.379865+00","2026-07-19 15:43:44.807+00"
"ymds00298","amateur","2026-08-01 00:00:00+00","2026-07-16 14:19:45.379865+00","2026-07-19 15:43:44.807+00"
"ymds00299","amateur","2026-08-01 00:00:00+00","2026-07-16 14:19:45.379865+00","2026-07-19 15:43:44.807+00"
"ymds00300","amateur","2026-08-01 00:00:00+00","2026-07-16 14:19:45.379865+00","2026-07-19 15:43:44.807+00"
"ymds00301","amateur","2026-08-01 00:00:00+00","2026-07-16 14:19:45.379865+00","2026-07-19 15:43:44.807+00"
"ymds00302","amateur","2026-08-01 00:00:00+00","2026-07-16 14:19:45.379865+00","2026-07-19 15:43:44.807+00"
"ymds00303","amateur","2026-08-01 00:00:00+00","2026-07-16 14:19:45.379865+00","2026-07-19 15:43:44.807+00"
"ymds00304","amateur","2026-08-01 00:00:00+00","2026-07-16 14:19:45.379865+00","2026-07-19 15:43:44.807+00"
"ymds00305","amateur","2026-08-01 00:00:00+00","2026-07-16 14:19:45.379865+00","2026-07-19 15:43:44.807+00"
"ymlw00072","amateur","2026-08-08 00:00:00+00","2026-07-22 21:55:30.905103+00","2026-07-24 19:56:21.65+00"
"ymlw00073","amateur","2026-08-08 00:00:00+00","2026-07-22 21:55:30.905103+00","2026-07-24 19:56:21.65+00"
"ymsr00105","amateur","2026-08-01 00:00:00+00","2026-07-16 14:19:45.379865+00","2026-07-19 15:43:44.807+00"
"ymsr00106","amateur","2026-08-01 00:00:00+00","2026-07-16 14:19:45.379865+00","2026-07-19 15:43:44.807+00"