@comebackbakunew	MOODYZ_official 2102789090336985344 をリポスト（プロフィール: 特定女優のファン表明・個人）
@paizuri1007	MOODYZ_official 2102789090336985344 をリポスト（プロフィール: 好きな女優を列挙・個人）
@5D4o1UDGxFNAXDI	MOODYZ_official 2102789090336985344 をリポスト（プロフィール: 自己紹介・40代・個人）
@glaymilan	MOODYZ_official 2102789090336985344 をリポスト（プロフィール: 趣味の列挙・個人）
@L1ZL28AY7r2oGHY	MOODYZ_official 2102789090336985344 をリポスト（プロフィール: 「平凡人」・実名表示・個人）
@Aika_Gemma	FANZAdougaX 2102850518892920926 をリポスト（プロフィール: 一言のみ・個人）
@yoshikira	PREMIUM_AV 2103016594406555944 をリポスト（プロフィール: 趣味・個人）
@6RiAWbBcUoiOUGQ	FANZAdougaX 2102850518892920926 と fanza_sns 2102925993518215308 の 2 件をリポスト（プロフィール文なし）
@kamachan40	MOODYZ_official 2102789090336985344 をリポスト（表示名に趣味・プロフィール文は一覧に出ず）
@HHheverything1	PREMIUM_AV 2103016594406555944 をリポスト（プロフィール: 「全てが謎」）
@hosimiyaichika	PREMIUM_AV 2103016594406555944 をリポスト（女優本人）
@booksdandykanda	MOODYZ_official 2102789090336985344 をリポスト（店舗）
