ポストID,日付,ポスト本文,ポストのリンク,インプレッション数,いいね,エンゲージメント,ブックマーク,共有された回数,新しいフォロー,返信,リポスト,プロフィールへのアクセス数,詳細のクリック数,URLのクリック数,ハッシュタグのクリック数,パーマリンクのクリック数
2105403460535648612,"Wed, Sep 30, 2026",@IDEAPOCKETTER 第6弾の50％OFFは、次の弾へ切り替わるタイミングまでが対象期間になるのでしょうか。,https://x.com/vodnavi_jp/status/2105403460535648612,2,0,1,0,0,0,0,0,0,1,0,0,0
2105322683642863862,"Wed, Sep 30, 2026",@fanza_sns 第6弾は対象作品が50％OFFで、10月2日の9時59分までという区切りですね。対象の幅がどのくらいになるのかも気になります。,https://x.com/vodnavi_jp/status/2105322683642863862,4,0,1,0,0,0,0,0,0,1,0,0,0
2105322550394040693,"Wed, Sep 30, 2026",@Kizukiamane 希月あまねさん、10月24日17時開始のイベントは、参加に事前の申し込みが必要でしょうか？,https://x.com/vodnavi_jp/status/2105322550394040693,5,0,1,0,0,0,0,0,0,1,0,0,0
2105322429484810407,"Wed, Sep 30, 2026",@Fitch_official 50%OFFの対象に永井マリアさんの作品が入っているのですね。秋の企画らしいラインナップだと思います。,https://x.com/vodnavi_jp/status/2105322429484810407,5,0,1,0,0,0,0,0,0,1,0,0,0
2105322255488323797,"Wed, Sep 30, 2026",@shirot_AV_chosa 週明けの俺たちに必要なもの、という入り方がいいですね。言われてみると確かに必要な気がしてきました。,https://x.com/vodnavi_jp/status/2105322255488323797,3,0,1,0,0,0,0,0,0,1,0,0,0
2105281536631222487,"Wed, Sep 30, 2026",FANZAで「妄想族30％OFF」を確認しました。 最大30%OFF / 10/6 23:59まで 確認できた範囲で4件。 例: blor00263（210円 / 通常300円） 対象作品の一覧はこちら↓ #PR https://t.co/TGquPfhNvN,https://x.com/vodnavi_jp/status/2105281536631222487,2,0,0,0,0,0,0,0,0,0,0,0,0
2105266431667351917,"Wed, Sep 30, 2026",ロイヤルのROYD-170、出演は二葉エマ。148分収録。 収録内容・サンプル・出演情報はこちらから↓ https://t.co/jUyn2M1u0X,https://x.com/vodnavi_jp/status/2105266431667351917,4,0,0,0,0,0,0,0,0,0,0,0,0
2105043393512612126,"Tue, Sep 29, 2026",@shiromine_miu 白峰ミウさん、10月4日17時からのイベント、まだチケットが残っているのですね。会場の雰囲気が気になります。,https://x.com/vodnavi_jp/status/2105043393512612126,16,0,1,0,0,0,0,0,0,1,0,0,0
2105043235160907959,"Tue, Sep 29, 2026",@MOODYZ_official 天然と紹介されている平野楓さんのデビュー作、収録は153分で配信は10月2日ですね。,https://x.com/vodnavi_jp/status/2105043235160907959,16,0,1,0,0,0,0,0,0,1,0,0,0
2105043036799680859,"Tue, Sep 29, 2026",@kawaii_pr @nao_satsuki 新作予約開始とのことですが、予約した方に向けた特典や先行配信の予定はありますか？,https://x.com/vodnavi_jp/status/2105043036799680859,24,0,1,0,0,0,0,0,0,1,0,0,0
2105042836899123443,"Tue, Sep 29, 2026",@attackers_av @0521Himari 一途なだけなんだよ、の木下ひまりさん出演作は収録164分、配信は8月28日からなのですね。長尺で描く関係性が気になります。,https://x.com/vodnavi_jp/status/2105042836899123443,13,0,2,1,0,0,0,0,0,2,0,0,0
2105042678916530291,"Tue, Sep 29, 2026",@FANZAdougaX @Saika_Kawakita @S1_No1_Style 第5弾が朝9:59までという締め切りなのですね。切り替わる前に気になる作品を絞っておきたくなります。,https://x.com/vodnavi_jp/status/2105042678916530291,20,0,1,0,0,0,0,0,0,1,0,0,0
2104925289507893437,"Tue, Sep 29, 2026",@S1_No1_Style @emakiris1 4ヵ国分を掲げた桐谷エマさんのデビュー作は、収録時間180分で10月23日配信の予定なのですね。,https://x.com/vodnavi_jp/status/2104925289507893437,695,0,4,0,0,0,0,0,2,2,0,0,0
2104924248628498940,"Tue, Sep 29, 2026",@IDEAPOCKETTER @kizuki_amane @Kizukiamane 秋と言えばフルーツという流れからのTAWAWA旋風という打ち出し、季節感があって面白いですね。FANZAの特設ページも気になります。,https://x.com/vodnavi_jp/status/2104924248628498940,7,0,1,0,0,0,0,0,0,1,0,0,0
2104924058857152936,"Tue, Sep 29, 2026",@shirot_AV_chosa ほろ酔い上司というキャッチが目を引きますね。お酒がからむ設定のレビューは読み応えがありそうです。,https://x.com/vodnavi_jp/status/2104924058857152936,4,0,1,0,0,0,0,0,0,1,0,0,0
2104923937494925414,"Tue, Sep 29, 2026",@PREMIUM_AV @fanza_sns @shiromine_miu 第5弾は9月30日の朝9時59分までなのですね、残り時間を意識して見ておきます。,https://x.com/vodnavi_jp/status/2104923937494925414,9,0,1,0,0,0,0,0,0,1,0,0,0
2104923347142541805,"Tue, Sep 29, 2026",@Fitch_official @odasakura_ml 収録146分の作品が50%OFFの対象なのですね。2024年5月17日配信の一本が今の時期に動くのは面白いです。,https://x.com/vodnavi_jp/status/2104923347142541805,64,0,4,0,0,0,0,0,3,1,0,0,0
2104923193198920166,"Tue, Sep 29, 2026",@kawaii_pr @misaki_karen_ 本編169分と長めなので、想像以上にコーフンという紹介にも納得です。配信は10月2日からですね。,https://x.com/vodnavi_jp/status/2104923193198920166,89,0,5,0,0,0,0,0,2,3,0,0,0
2104919144759984361,"Tue, Sep 29, 2026",FANZAで「日替わりセール☆」を確認しました。 最大30%OFF / 9/29 23:59まで（配信時点で残り約1時間） 確認できた範囲で2件。 例: mfyd00022（210円 / 通常300円） 対象作品の一覧はこちら↓ #PR https://t.co/TGquPfhNvN,https://x.com/vodnavi_jp/status/2104919144759984361,23,0,0,0,0,0,0,0,0,0,0,0,0
2104904040022671686,"Tue, Sep 29, 2026",MIDV-855（九野ひなの）はレビュー37件で平均4.7。 収録内容・サンプル・出演情報はこちらから↓ https://t.co/wq7FRoCpZz,https://x.com/vodnavi_jp/status/2104904040022671686,19,0,1,0,0,0,0,0,1,0,0,0,0
2104679962234200338,"Mon, Sep 28, 2026",@Aizawa_miyu03 逢沢みゆさん、本中からの大共演VRとのことで、複数人でのVRは視点の距離感が変わりそうですね。,https://x.com/vodnavi_jp/status/2104679962234200338,192,0,1,0,0,0,0,0,0,1,0,0,0
2104679819028070543,"Mon, Sep 28, 2026",@MOODYZ_official @waka_misono 25周年のタイミングでVRの新作が予約開始なのですね。VRでの展開がこの先どう広がっていくのか気になっています。,https://x.com/vodnavi_jp/status/2104679819028070543,33,0,1,0,0,0,0,0,0,1,0,0,0
2104679692313956621,"Mon, Sep 28, 2026",@FANZAdougaX 水卜さくらさんの11時間BESTが30%OFFキャンペーンの作品リストに入っているのですね。長尺のBESTが並ぶと見ごたえがありそうです。,https://x.com/vodnavi_jp/status/2104679692313956621,168,0,1,0,0,0,0,0,0,1,0,0,0
2104553331104649553,"Mon, Sep 28, 2026",@honnaka_NN @natsu_hinata_tp @misa_Oguri @misa2_sub @kurea_hasumi @Aizawa_miyu03 @miyumiyu_0303 出演者が12人という規模での新作予約開始、かなり大がかりな一本ですね。予約の段階から動きが気になります。,https://x.com/vodnavi_jp/status/2104553331104649553,22,0,1,0,0,0,0,0,0,1,0,0,0
2104553236162351593,"Mon, Sep 28, 2026",@kawaii_pr @fanza_sns @_tojo_natsu 50％OFFの対象作品は、9月30日の朝9時59分まで同じ並びのままでしょうか？,https://x.com/vodnavi_jp/status/2104553236162351593,6,0,1,0,0,0,0,0,0,1,0,0,0
2104541758109470836,"Mon, Sep 28, 2026",希望みうのSNOS-299は148分の収録。4K収録です。 収録内容・サンプル・出演情報はこちらから↓ https://t.co/CTmFMchuK6,https://x.com/vodnavi_jp/status/2104541758109470836,30,0,0,0,0,0,0,0,0,0,0,0,0
2104322271766880485,"Sun, Sep 27, 2026",@S1_No1_Style @araki_noa_ 10月新作とのことで、収録時間は120分、配信日は10月23日と出ていますね。,https://x.com/vodnavi_jp/status/2104322271766880485,77,0,1,0,0,0,0,0,0,1,0,0,0
2104322094117036414,"Sun, Sep 27, 2026",@MOODYZ_official 120分は通しでの収録でしょうか、それともパートに分かれた構成なのでしょうか。,https://x.com/vodnavi_jp/status/2104322094117036414,788,0,3,0,0,0,0,0,2,1,0,0,0
2104179321837326806,"Sun, Sep 27, 2026",河北彩花（河北彩伽）の単体作品、SNOS-377。4K収録です。 収録内容・サンプル・出演情報はこちらから↓ https://t.co/kro8cDHItw,https://x.com/vodnavi_jp/status/2104179321837326806,44,0,3,0,0,0,0,0,0,2,1,0,0
2103816936106709384,"Sat, Sep 26, 2026",ムーディーズのMIDV-229、出演は石川澪。121分収録。 収録内容・サンプル・出演情報はこちらから↓ https://t.co/3obPkxYUbq,https://x.com/vodnavi_jp/status/2103816936106709384,47,1,1,0,0,0,0,0,0,0,0,0,0
2103478847463469519,"Fri, Sep 25, 2026",@fanza_sns 売れ筋ビデオの第1弾スタートで、10％ポイント還元も付くのですね。9月27日23:59までの期間で考えてみます。,https://x.com/vodnavi_jp/status/2103478847463469519,8,0,1,0,0,0,0,0,0,1,0,0,0
2103478569389478051,"Fri, Sep 25, 2026",@FalenoEvent @yayoi_hamabe 9月26日は買取りまっくすなんば店と日本橋店、9月27日はMAX書店名駅店と、大阪と名古屋を続けて回られるのですね。,https://x.com/vodnavi_jp/status/2103478569389478051,15,0,1,0,0,0,0,0,0,1,0,0,0
2103478367651868864,"Fri, Sep 25, 2026",@PREMIUM_AV 第4弾の50％OFF対象は、レーベル単位とテーマ単位のどちらで選ばれているのでしょうか。,https://x.com/vodnavi_jp/status/2103478367651868864,8,0,1,0,0,0,0,0,0,1,0,0,0
2103469680954405099,"Fri, Sep 25, 2026",FANZAで「売れ筋！ビデオ30％OFF」を確認しました。 最大30%OFF / 9/27 23:59まで 確認できた範囲で67件。 例: 13dsvr01786（350円 / 通常500円） 対象作品の一覧はこちら↓ #PR https://t.co/TGquPfhNvN,https://x.com/vodnavi_jp/status/2103469680954405099,56,1,2,0,0,0,0,0,0,1,0,0,0
2103454590410613130,"Fri, Sep 25, 2026",はじめてのFANZA、「登録自体にお金がかかるのか」「支払いはカード以外に何が使えるのか」あたりで手が止まりがちです。 登録から購入までの全体像を1本のガイドにまとめています↓ https://t.co/sslEvaiyX5,https://x.com/vodnavi_jp/status/2103454590410613130,42,0,0,0,0,0,0,0,0,0,0,0,0
2103235911052095931,"Thu, Sep 24, 2026",本作は収録121分、配信は本日9月25日です。彩月七緒さん出演の単体作品となります。,https://x.com/vodnavi_jp/status/2103235911052095931,79,0,1,0,0,0,0,0,0,1,0,0,0
2103235699311075660,"Thu, Sep 24, 2026",収録123分、9月25日先行配信の本作です。釈アリスさん出演の単体作品となります。,https://x.com/vodnavi_jp/status/2103235699311075660,44,0,1,0,0,0,0,0,0,1,0,0,0
2103234650546294979,"Thu, Sep 24, 2026","@MOODYZ_official @rena_miyashita 先行配信スタートおめでとうございます。シリーズ累計400,000部超という原作が実写になる流れは気になりますね。",https://x.com/vodnavi_jp/status/2103234650546294979,37,0,2,0,0,0,0,0,1,1,0,0,0
2103234495096963256,"Thu, Sep 24, 2026",@wanz_official @hatano_yui 本日先行配信スタートおめでとうございます。主観バイノーラルという作りがどう効いてくるのか気になります。,https://x.com/vodnavi_jp/status/2103234495096963256,129,0,1,0,0,0,0,0,0,1,0,0,0
2103234264762593505,"Thu, Sep 24, 2026",@attackers_av @amakawa_sora_ 天川そらさん出演の新作、本日先行配信スタートおめでとうございます。初日からの反応が気になります。,https://x.com/vodnavi_jp/status/2103234264762593505,53,0,3,0,0,0,0,0,2,1,0,0,0
2103234052363100321,"Thu, Sep 24, 2026",@Madonna_AVinfo @mizukawasumire 収録124分で、本日9月25日からの先行配信ですね。売上げ本数順では1位に入っています。,https://x.com/vodnavi_jp/status/2103234052363100321,79,0,2,0,0,0,0,0,0,2,0,0,0
2103097709058310584,"Thu, Sep 24, 2026",@fanza_sns MOODYZキャンペーン2026の30％OFFは、9月28日までの期間中に対象作品の入れ替えもあるのでしょうか？,https://x.com/vodnavi_jp/status/2103097709058310584,4,0,1,0,0,0,0,0,0,1,0,0,0
2103097536953389394,"Thu, Sep 24, 2026",@wanz_official @hatano_yui @hibiki0221 10月18日の共演イベント、昼の部12:00と夜の部17:00の二部制なのですね。発券日が10月2日というのも早めに分かってよかったです。,https://x.com/vodnavi_jp/status/2103097536953389394,22,0,1,0,0,0,0,0,0,1,0,0,0
2103097327133262232,"Thu, Sep 24, 2026",@PREMIUM_AV @fanza_sns @hosimiyaichika 第3弾は9月25日の朝9時59分までなのですね。締め切り前にリストを見直しておきます。,https://x.com/vodnavi_jp/status/2103097327133262232,64,0,1,0,0,0,0,0,0,1,0,0,0
2103092286267486463,"Thu, Sep 24, 2026",MIMK-244（楪カレン）はレビュー5件で平均4.4。 収録内容・サンプル・出演情報はこちらから↓ https://t.co/o8w0idGuw6,https://x.com/vodnavi_jp/status/2103092286267486463,48,0,0,0,0,0,0,0,0,0,0,0,0
2102878963731501433,"Wed, Sep 23, 2026",@MOODYZ_official @komomo050705 恋川こももさんのお忍びデート企画、グラビアでの活躍からの登場という流れで気になる一作ですね。,https://x.com/vodnavi_jp/status/2102878963731501433,7,0,2,0,0,0,0,0,0,2,0,0,0
2102878863294615887,"Wed, Sep 23, 2026",@FANZAdougaX 50％OFF作品リストにコンカフェを題材にした作品が入っているのですね。対象の幅が広そうで気になります。,https://x.com/vodnavi_jp/status/2102878863294615887,52,0,3,0,0,0,0,0,1,2,0,0,0
2102744941990433217,"Wed, Sep 23, 2026",FANZAで「ケイ・エム・プロデュース他30％OFF」を確認しました。 最大30%OFF / 9/29 23:59まで 確認できた範囲で4件。 例: cosvrw00008（698円 / 通常998円） 対象作品の一覧はこちら↓ #PR https://t.co/TGquPfhNvN,https://x.com/vodnavi_jp/status/2102744941990433217,71,0,0,0,0,0,0,0,0,0,0,0,0
2102729842638651888,"Wed, Sep 23, 2026",八木奈々のMIZD-450は634分の収録。ハイビジョン収録です。 収録内容・サンプル・出演情報はこちらから↓ https://t.co/L7aZwXH3UL,https://x.com/vodnavi_jp/status/2102729842638651888,57,0,0,0,0,0,0,0,0,0,0,0,0
2102520018240180402,"Tue, Sep 22, 2026",@PREMIUM_AV @_karenyuzuriha @yuzuriha_karen シルバーウィークに楪カレンさんの5作品という括りは、じっくり見るには十分な本数ですね。,https://x.com/vodnavi_jp/status/2102520018240180402,12,0,2,0,0,0,0,0,0,2,0,0,0
2102519819723776449,"Tue, Sep 22, 2026",@IDEAPOCKETTER @mizuki081415 @mio_hanasaki @mio_sakai_ ナース4選という括りで4作並ぶと、どれから見るか迷いますね。先頭が西田瑞希さんの作品なのも気になります。,https://x.com/vodnavi_jp/status/2102519819723776449,90,1,4,0,0,0,0,0,1,2,0,0,0
2102519568329748946,"Tue, Sep 22, 2026",@MOODYZ_official 水泳部顧問という切り口、タイトルだけでも方向性がはっきり伝わってきますね。,https://x.com/vodnavi_jp/status/2102519568329748946,291,0,5,0,0,0,0,0,3,2,0,0,0
2102442687349891356,"Tue, Sep 22, 2026",@waka_misono 美園和花さん、新作情報ありがとうございます。収録時間は120分、配信は10月23日と出ていますね。,https://x.com/vodnavi_jp/status/2102442687349891356,105,0,2,0,0,0,0,0,0,2,0,0,0
2102441775306822090,"Tue, Sep 22, 2026",@FANZAdougaX ディレクターズカット版のBEAUTY VENUS VI、240分という収録時間はかなりのボリュームですね。未公開映像とシリーズ最新作インタビューの追加も気になります。,https://x.com/vodnavi_jp/status/2102441775306822090,37,0,2,0,0,0,0,0,0,2,0,0,0
2102190032723603459,"Tue, Sep 22, 2026",@shirot_AV_chosa 媚薬×サウナという組み合わせは珍しい切り口ですね。紹介文だけでも設定の作り込みが伝わってきます。,https://x.com/vodnavi_jp/status/2102190032723603459,5,0,3,0,0,0,0,0,0,3,0,0,0
2102189651192946809,"Tue, Sep 22, 2026",@IDEAPOCKETTER 第2弾の50％OFFは、いつまでの期間でどこまでの作品が対象になるのでしょうか。,https://x.com/vodnavi_jp/status/2102189651192946809,10,0,4,0,0,0,0,0,0,4,0,0,0
2102189420178964939,"Tue, Sep 22, 2026",@MOODYZ_official 三咲まゆさんのこの作品、収録166分で配信開始は9月11日からなのですね。尺が長めなので見応えがありそうです。,https://x.com/vodnavi_jp/status/2102189420178964939,338,0,8,0,0,0,0,0,0,8,0,0,0
2102189166448747004,"Tue, Sep 22, 2026",@shiromine_miu 白峰ミウさん、収録は110分、配信は10月23日とのことですね。9月21日の解禁から本編まで少し間がありそうです。,https://x.com/vodnavi_jp/status/2102189166448747004,142,0,3,0,0,0,0,0,0,3,0,0,0
2102188993316360282,"Tue, Sep 22, 2026",@iyo_shinohara 篠原いよさん、5年間という関係の長さは、演じるうえでの気持ちの作り方にも影響してくるものでしょうか。,https://x.com/vodnavi_jp/status/2102188993316360282,120,0,4,0,0,0,0,0,1,3,0,0,0
2102188758477209635,"Tue, Sep 22, 2026",本中の新作で、収録78分、配信開始は10月27日です。幸村泉希さん出演の作品です。 https://t.co/3sTe76ZznP,https://x.com/vodnavi_jp/status/2102188758477209635,101,0,4,0,0,0,0,0,0,4,0,0,0
2102027308806865271,"Mon, Sep 21, 2026",@shinnakanodream 70種類の映像が30%OFFで10月4日までとは、対象がかなり広いですね。9月25日までの動画くじ復活と時期も重なりますね。,https://x.com/vodnavi_jp/status/2102027308806865271,85,0,3,0,0,0,0,0,1,2,0,0,0
2102027172022300967,"Mon, Sep 21, 2026",@fanza_sns 第2弾は30％OFFと10％ポイント還元が同時に付くのですね。9月22日23時59分までという区切りが気になるところです。,https://x.com/vodnavi_jp/status/2102027172022300967,7,0,2,0,0,0,0,0,0,2,0,0,0
2102026996503155152,"Mon, Sep 21, 2026",@kawaii_pr @fanza_sns @minase_akari_ 9月23日朝9時59分までの第2弾ですね。対象作は収録113分で、シリーズはkawaiiVRとのことです。,https://x.com/vodnavi_jp/status/2102026996503155152,7,0,5,0,0,0,0,0,0,5,0,0,0
2102026878257385494,"Mon, Sep 21, 2026",@Fitch_official @takeda_reika 50%OFFの期間はいつまでで、対象はこの1作だけでしょうか。,https://x.com/vodnavi_jp/status/2102026878257385494,40,0,4,0,0,0,0,0,2,2,0,0,0
2102004932475822190,"Mon, Sep 21, 2026",ムーディーズのMIZD-481、出演は小野六花。721分収録。 収録内容・サンプル・出演情報はこちらから↓ https://t.co/uKQ9YjeZIH,https://x.com/vodnavi_jp/status/2102004932475822190,93,0,0,0,0,0,0,0,0,0,0,0,0
2101809530401444081,"Sun, Sep 20, 2026",@S1_No1_Style @hatsuminanoka 新作配信開始おめでとうございます。9月21日スタートのVR作品ということで、今日から視聴できるのですね。,https://x.com/vodnavi_jp/status/2101809530401444081,67,0,3,0,0,0,0,0,1,2,0,0,0
2101809432481161224,"Sun, Sep 20, 2026",@IDEAPOCKETTER @mio_sakai_ パーフェクトボディと紹介されているこの作品は収録121分で、配信開始は8月28日ですね。,https://x.com/vodnavi_jp/status/2101809432481161224,4,0,2,0,0,0,0,0,0,2,0,0,0
2101809200032788851,"Sun, Sep 20, 2026",@MOODYZ_official 収録135分、配信は9月11日の作品ですね。タイトルに「一生懸命」と入るのは珍しく感じました。,https://x.com/vodnavi_jp/status/2101809200032788851,4,0,2,0,0,0,0,0,0,2,0,0,0
2101799614290796558,"Sun, Sep 20, 2026",@shirot_AV_chosa Sクラスと紹介する作品は、レビューの評価が高いものから選ばれているのでしょうか？,https://x.com/vodnavi_jp/status/2101799614290796558,4,0,2,0,0,0,0,0,0,2,0,0,0
2101799431620477291,"Sun, Sep 20, 2026",@FANZAdougaX @S1_No1_Style 第3弾は今朝9時59分までなんですね。弾ごとの入れ替わりが早いので、毎朝リストを確認しています。,https://x.com/vodnavi_jp/status/2101799431620477291,567,0,2,0,0,0,0,0,0,2,0,0,0
2101799357008040412,"Sun, Sep 20, 2026",@PREMIUM_AV @tamurakanaxxx 今回の5作品は、配信日の新しい順など何か基準を設けて選ばれたのでしょうか？,https://x.com/vodnavi_jp/status/2101799357008040412,60,1,6,0,0,0,1,0,2,2,0,0,0
2101799195137200513,"Sun, Sep 20, 2026",@attackers_av @azusa_hikari_ 新作配信開始おめでとうございます。8KVRでの梓ヒカリさん出演作が9月21日0時にスタートしたのですね。,https://x.com/vodnavi_jp/status/2101799195137200513,7,0,3,0,0,0,0,0,1,2,0,0,0
2101652588454416580,"Sun, Sep 20, 2026",@S1_No1_Style @ao_i_suzu デビュー記念のイベントツアー決定おめでとうございます。10月9日の千葉と埼玉から始まるのですね。,https://x.com/vodnavi_jp/status/2101652588454416580,172,1,3,0,0,0,0,0,0,2,0,0,0
2101652351027417222,"Sun, Sep 20, 2026",@FalenoEvent @kswg_shizuku イベント終了お疲れさまでした。雨の中での開催、次回は10月15日の平日開催とのことで楽しみです。,https://x.com/vodnavi_jp/status/2101652351027417222,5,0,3,0,0,0,0,0,1,2,0,0,0
2101652266273153150,"Sun, Sep 20, 2026",@Aizawa_miyu03 逢沢みゆさん、今回挙げてくださった2つは、どちらから先に観ると楽しめそうでしょうか？,https://x.com/vodnavi_jp/status/2101652266273153150,90,0,2,0,0,0,0,0,0,2,0,0,0
2101652024261841381,"Sun, Sep 20, 2026",@Fitch_official 収録146分の作品が50%OFFの対象なのですね。9月21日の朝までと覚えておきます。,https://x.com/vodnavi_jp/status/2101652024261841381,53,0,2,0,0,0,0,0,0,2,0,0,0
2101465250864459902,"Sun, Sep 20, 2026",@IDEAPOCKETTER @mitsuri_n0601 5か月ぶりのデジタルチャンネル、告知おめでとうございます。次の登場を待っていた方も多そうですね。,https://x.com/vodnavi_jp/status/2101465250864459902,361,2,6,0,0,0,0,0,1,3,0,0,0
2101465023990444400,"Sun, Sep 20, 2026",@MOODYZ_official @Aizawa_miyu03 @miyumiyu_0303 ドリームウーマンVol.101は収録時間185分ですね。シリーズ作としてはかなり長めなので、通して見る時間を作りたいです。,https://x.com/vodnavi_jp/status/2101465023990444400,2,0,2,0,0,0,0,0,0,2,0,0,0
2101464879542747487,"Sun, Sep 20, 2026",@PREMIUM_AV @sora_komatsu 紹介された5作品のうち、9月11日に配信された一作は収録180分あり、通しで見るとなかなかの長さになりますね。,https://x.com/vodnavi_jp/status/2101464879542747487,9,0,3,0,0,0,0,0,1,2,0,0,0
2101464677037592748,"Sun, Sep 20, 2026",@FANZAdougaX 50％OFFの作品リスト公開おめでとうございます。4K機材映像の作品も対象に入っているのですね。,https://x.com/vodnavi_jp/status/2101464677037592748,32,0,2,0,0,0,0,0,0,2,0,0,0
2101299033004208385,"Sat, Sep 19, 2026",FANZAで「MOODYZキャンペーン30％OFF」を確認しました。 最大30%OFF / 9/24 09:59まで 確認できた範囲で38件。 例: mdvr00419（1036円 / 通常1480円） 対象作品の一覧はこちら↓ #PR https://t.co/TGquPfhNvN,https://x.com/vodnavi_jp/status/2101299033004208385,101,0,0,0,0,0,0,0,0,0,0,0,0
2101292922088091657,"Sat, Sep 19, 2026",@Fitch_official @momozono_rena 50%OFF対象の一本、収録150分は見応えがありますね。9月21日の朝までと覚えておきます。,https://x.com/vodnavi_jp/status/2101292922088091657,21,0,3,0,0,0,0,0,0,3,0,0,0
2101280186306007278,"Sat, Sep 19, 2026",SNOS-334（瀬戸環奈）はレビュー30件で平均4.9。 収録内容・サンプル・出演情報はこちらから↓ https://t.co/WD51sTlTXY,https://x.com/vodnavi_jp/status/2101280186306007278,91,0,6,0,0,0,0,0,0,3,3,0,0
2101152087572959295,"Sat, Sep 19, 2026",@waka_misono 美園和花さん、新作の予約開始おめでとうございます。配信は10月16日ですね、予定に入れました。,https://x.com/vodnavi_jp/status/2101152087572959295,153,0,7,0,0,0,0,0,3,4,0,0,0
2101151890495172961,"Sat, Sep 19, 2026",@FANZAdougaX キャンペーンの開始おめでとうございます。全国8位の新体操選手だった成瀬花奈さんのデビュー作が並ぶのは目が離せません。,https://x.com/vodnavi_jp/status/2101151890495172961,69,0,4,0,0,0,0,0,1,3,0,0,0
2101150478033936813,"Sat, Sep 19, 2026",@honnaka_NN @rinrin_dayou 1対1のVR新作は収録92分で、監督はこあら太郎（わ）なのですね。レーベルが本中-VRであることもあわせて確認しました。,https://x.com/vodnavi_jp/status/2101150478033936813,36,0,5,0,0,0,0,0,0,5,0,0,0
2100939657118937355,"Fri, Sep 18, 2026",@honnaka_NN @_tojo_natsu 先行配信スタートおめでとうございます。本中は0時ちょうどに4作まとめて告知が恒例ですね、深夜に確認する側としては助かります。,https://x.com/vodnavi_jp/status/2100939657118937355,26,0,4,0,0,0,0,0,1,3,0,0,0
2100939409021702654,"Fri, Sep 18, 2026",@Fitch_official @hoshiasuna522 #肉欲の秋 のタグ、季節感があっていいですね。Fitchは朝と夜で1作ずつ出してくるのが分かりやすいです。,https://x.com/vodnavi_jp/status/2100939409021702654,29,0,5,0,0,0,0,0,0,4,0,1,0
2100939213181206773,"Fri, Sep 18, 2026",@kawaii_pr @fanza_sns @mayukiito 第2弾以降にも kawaii* の作品は入りますか？ 弾ごとにレーベルが変わるのか気になっています。,https://x.com/vodnavi_jp/status/2100939213181206773,15,0,4,0,0,0,0,0,1,3,0,0,0
2100938911816224853,"Fri, Sep 18, 2026",@PREMIUM_AV @waka_natsuki_ys 和香なつきさんの初VR、予約開始おめでとうございます。予約者向けの特典や先行配信はありますか？,https://x.com/vodnavi_jp/status/2100938911816224853,8,0,3,0,0,0,0,0,0,3,0,0,0
2100938725194977383,"Fri, Sep 18, 2026","@Madonna_AVinfo @misato_hojo1010 お気に入り登録3,740件で売れ筋5位は、先行配信初日としてはかなり強い数字ですね。今週の動きが気になります。",https://x.com/vodnavi_jp/status/2100938725194977383,8,0,4,0,0,0,0,0,0,4,0,0,0
2100938278275064225,"Fri, Sep 18, 2026",@FANZAdougaX @Saika_Kawakita @S1_No1_Style 第2弾への切り替えは第1弾終了の翌朝10時からでしょうか？ 弾ごとの期間が分かると予定が立てやすいです。,https://x.com/vodnavi_jp/status/2100938278275064225,15,0,7,0,0,0,0,0,2,5,0,0,0
2100932937017352262,"Fri, Sep 18, 2026",FANZAで「こだわりのフェラ50％OFF」を確認しました。 最大50%OFF / 9/21 09:59まで 確認できた範囲で390件。 例: adn00344（150円 / 通常300円） 対象作品の一覧はこちら↓ #PR https://t.co/TGquPfhNvN,https://x.com/vodnavi_jp/status/2100932937017352262,102,0,0,0,0,0,0,0,0,0,0,0,0
2100917880552341762,"Fri, Sep 18, 2026",泉ももかのMIMK-271は118分の収録。ハイビジョン収録です。 収録内容・サンプル・出演情報はこちらから↓ https://t.co/jpH23XJ7HT,https://x.com/vodnavi_jp/status/2100917880552341762,79,0,2,0,0,0,0,0,0,1,1,0,0