20260925-Q-Fitch_official	2103235911052095931
20260925-Q-PREMIUM_AV	2103235699311075660
20260925-MOODYZ_official	2103234650546294979
20260925-wanz_official	2103234495096963256
20260925-attackers_av	2103234264762593505
20260925-Madonna_AVinfo	2103234052363100321
20260925-PREMIUM_AV	2103478367651868864
20260925-FalenoEvent	2103478569389478051
20260925-fanza_sns	2103478847463469519
20260928-MOODYZ_official	2104322094117036414
20260928-S1_No1_Style	2104322271766880485
20260928-kawaii_pr	2104553236162351593
20260928-honnaka_NN	2104553331104649553
20260929-FANZAdougaX	2104679692313956621
20260929-MOODYZ_official	2104679819028070543
20260929-Aizawa_miyu03	2104679962234200338
20260929-kawaii_pr	2104923193198920166
20260929-Fitch_official	2104923347142541805
20260929-PREMIUM_AV	2104923937494925414
20260929-shirot_AV_chosa	2104924058857152936
20260929-IDEAPOCKETTER	2104924248628498940
20260929-S1_No1_Style	2104925289507893437
